model,i,yhat,loop,loop_time
1,1,1.375929619510301,1,0.016925334930419922
1,2,1.375929619510301,1,0.016925334930419922
1,3,1.375929619510301,1,0.016925334930419922
1,4,1.375929619510301,1,0.016925334930419922
1,5,1.4249150394164274,2,0.0
1,6,1.4249150394164274,2,0.0
1,7,1.4249150394164274,2,0.0
1,8,1.4249150394164274,2,0.0
1,9,1.4249150394164274,2,0.0
1,10,1.4249150394164274,2,0.0
1,11,1.4249150394164274,2,0.0
1,12,1.4249150394164274,2,0.0
1,13,1.4249150394164274,2,0.0
1,14,1.4249150394164274,2,0.0
1,15,1.4249150394164274,2,0.0
1,16,1.4249150394164274,2,0.0
1,17,1.4249150394164274,2,0.0
1,18,1.4249150394164274,2,0.0
1,19,1.4249150394164274,2,0.0
1,20,1.4249150394164274,2,0.0
1,21,1.4249150394164274,2,0.0
1,22,1.4249150394164274,2,0.0
1,23,1.4249150394164274,2,0.0
1,24,1.4249150394164274,2,0.0
1,25,1.4249150394164274,2,0.0
1,26,1.4249150394164274,2,0.0
1,27,1.4249150394164274,2,0.0
1,28,1.4249150394164274,2,0.0
1,29,1.4249150394164274,2,0.0
1,30,1.4249150394164274,2,0.0
1,31,1.4249150394164274,2,0.0
1,32,1.4249150394164274,2,0.0
1,33,1.4249150394164274,2,0.0
1,34,1.4249150394164274,2,0.0
1,35,1.4249150394164274,2,0.0
1,36,1.4249150394164274,2,0.0
1,37,1.4249150394164274,2,0.0
1,38,1.4249150394164274,2,0.0
1,39,1.4249150394164274,2,0.0
1,40,1.4249150394164274,2,0.0
1,41,1.4249150394164274,2,0.0
1,42,1.4249150394164274,2,0.0
1,43,1.4249150394164274,2,0.0
1,44,1.4249150394164274,2,0.0
1,45,1.4249150394164274,2,0.0
1,46,1.4249150394164274,2,0.0
1,47,1.4249150394164274,2,0.0
1,48,1.4249150394164274,2,0.0
1,49,1.4249150394164274,2,0.0
1,50,1.4249150394164274,2,0.0
1,51,1.4249150394164274,2,0.0
1,52,1.4249150394164274,2,0.0
1,53,1.4249150394164274,2,0.0
1,54,1.4249150394164274,2,0.0
1,55,1.4249150394164274,2,0.0
1,56,1.4249150394164274,2,0.0
1,57,1.373476394011589,3,0.000997781753540039
1,58,1.373476394011589,3,0.000997781753540039
1,59,1.373476394011589,3,0.000997781753540039
1,60,1.3757898754080162,4,0.0
1,61,1.3757898754080162,4,0.0
1,62,1.3757898754080162,4,0.0
1,63,1.3757898754080162,4,0.0
1,64,1.3757898754080162,4,0.0
1,65,1.3757898754080162,4,0.0
1,66,1.3757898754080162,4,0.0
1,67,1.3736753525205696,5,0.0
1,68,1.3736753525205696,5,0.0
1,69,1.3736753525205696,5,0.0
1,70,1.3736753525205696,5,0.0
1,71,1.372085691468917,6,0.000997781753540039
1,72,1.372085691468917,6,0.000997781753540039
1,73,1.372085691468917,6,0.000997781753540039
1,74,1.3695047099132795,7,0.0
1,75,1.3695047099132795,7,0.0
1,76,1.3695047099132795,7,0.0
1,77,1.3695047099132795,7,0.0
1,78,1.3695047099132795,7,0.0
1,79,1.3695047099132795,7,0.0
1,80,1.3695047099132795,7,0.0
1,81,1.3695047099132795,7,0.0
1,82,1.3695047099132795,7,0.0
1,83,1.3695047099132795,7,0.0
1,84,1.3695047099132795,7,0.0
1,85,1.3695047099132795,7,0.0
1,86,1.3695047099132795,7,0.0
1,87,1.3695047099132795,7,0.0
1,88,1.371875636350656,8,0.0
1,89,1.371875636350656,8,0.0
1,90,1.371875636350656,8,0.0
1,91,1.371875636350656,8,0.0
1,92,1.3807599135854738,9,0.0
1,93,1.3807599135854738,9,0.0
1,94,1.3807599135854738,9,0.0
1,95,1.3807599135854738,9,0.0
1,96,1.3807599135854738,9,0.0
1,97,1.3807599135854738,9,0.0
1,98,1.3807599135854738,9,0.0
1,99,1.3807599135854738,9,0.0
1,100,1.3807599135854738,9,0.0
1,101,1.3807599135854738,9,0.0
1,102,1.3725321887171256,10,0.0
1,103,1.3725321887171256,10,0.0
1,104,1.3725321887171256,10,0.0
1,105,1.3725321887171256,10,0.0
1,106,1.3725321887171256,10,0.0
1,107,1.3725321887171256,10,0.0
1,108,1.3735080700833604,11,0.0
1,109,1.3735080700833604,11,0.0
1,110,1.3735080700833604,11,0.0
1,111,1.3735080700833604,11,0.0
1,112,1.3735080700833604,11,0.0
1,113,1.3711208477434926,12,0.0
1,114,1.3711208477434926,12,0.0
1,115,1.3711208477434926,12,0.0
1,116,1.3711208477434926,12,0.0
1,117,1.3759111532142492,13,0.0
1,118,1.3759111532142492,13,0.0
1,119,1.3759111532142492,13,0.0
1,120,1.3759111532142492,13,0.0
1,121,1.3759111532142492,13,0.0
1,122,1.3759111532142492,13,0.0
1,123,1.370137032303677,14,0.0
1,124,1.370137032303677,14,0.0
1,125,1.370137032303677,14,0.0
1,126,1.370137032303677,14,0.0
1,127,1.370137032303677,14,0.0
1,128,1.370137032303677,14,0.0
1,129,1.370137032303677,14,0.0
1,130,1.370137032303677,14,0.0
1,131,1.370137032303677,14,0.0
1,132,1.370137032303677,14,0.0
1,133,1.370137032303677,14,0.0
1,134,1.370137032303677,14,0.0
1,135,1.370137032303677,14,0.0
1,136,1.370137032303677,14,0.0
1,137,1.3745977781109526,15,0.0
1,138,1.3745977781109526,15,0.0
1,139,1.3745977781109526,15,0.0
1,140,1.3745977781109526,15,0.0
1,141,1.3734092398401998,16,0.0
1,142,1.3734092398401998,16,0.0
1,143,1.373599409445947,17,0.000997781753540039
1,144,1.373599409445947,17,0.000997781753540039
1,145,1.373599409445947,17,0.000997781753540039
1,146,1.373599409445947,17,0.000997781753540039
1,147,1.3824726074511977,18,0.0
1,148,1.3824726074511977,18,0.0
1,149,1.3824726074511977,18,0.0
1,150,1.3824726074511977,18,0.0
1,151,1.3824726074511977,18,0.0
1,152,1.3824726074511977,18,0.0
1,153,1.3824726074511977,18,0.0
1,154,1.3824726074511977,18,0.0
1,155,1.3824726074511977,18,0.0
1,156,1.3824726074511977,18,0.0
1,157,1.3824726074511977,18,0.0
1,158,1.3824726074511977,18,0.0
1,159,1.407723790005994,19,0.0
1,160,1.407723790005994,19,0.0
1,161,1.407723790005994,19,0.0
1,162,1.407723790005994,19,0.0
1,163,1.407723790005994,19,0.0
1,164,1.407723790005994,19,0.0
1,165,1.407723790005994,19,0.0
1,166,1.407723790005994,19,0.0
1,167,1.407723790005994,19,0.0
1,168,1.407723790005994,19,0.0
1,169,1.407723790005994,19,0.0
1,170,1.407723790005994,19,0.0
1,171,1.407723790005994,19,0.0
1,172,1.407723790005994,19,0.0
1,173,1.407723790005994,19,0.0
1,174,1.407723790005994,19,0.0
1,175,1.407723790005994,19,0.0
1,176,1.407723790005994,19,0.0
1,177,1.407723790005994,19,0.0
1,178,1.407723790005994,19,0.0
1,179,1.407723790005994,19,0.0
1,180,1.407723790005994,19,0.0
1,181,1.407723790005994,19,0.0
1,182,1.407723790005994,19,0.0
1,183,1.407723790005994,19,0.0
1,184,1.407723790005994,19,0.0
1,185,1.407723790005994,19,0.0
1,186,1.407723790005994,19,0.0
1,187,1.407723790005994,19,0.0
1,188,1.407723790005994,19,0.0
1,189,1.407723790005994,19,0.0
1,190,1.407723790005994,19,0.0
1,191,1.407723790005994,19,0.0
1,192,1.407723790005994,19,0.0
1,193,1.407723790005994,19,0.0
1,194,1.407723790005994,19,0.0
1,195,1.407723790005994,19,0.0
1,196,1.407723790005994,19,0.0
1,197,1.407723790005994,19,0.0
1,198,1.407723790005994,19,0.0
1,199,1.407723790005994,19,0.0
1,200,1.407723790005994,19,0.0
1,201,1.407723790005994,19,0.0
1,202,1.407723790005994,19,0.0
1,203,1.407723790005994,19,0.0
1,204,1.407723790005994,19,0.0
1,205,1.407723790005994,19,0.0
1,206,1.407723790005994,19,0.0
1,207,1.407723790005994,19,0.0
1,208,1.407723790005994,19,0.0
1,209,1.407723790005994,19,0.0
1,210,1.407723790005994,19,0.0
1,211,1.407723790005994,19,0.0
1,212,1.407723790005994,19,0.0
1,213,1.407723790005994,19,0.0
1,214,1.407723790005994,19,0.0
1,215,1.407723790005994,19,0.0
1,216,1.407723790005994,19,0.0
1,217,1.407723790005994,19,0.0
1,218,1.407723790005994,19,0.0
1,219,1.407723790005994,19,0.0
1,220,1.407723790005994,19,0.0
1,221,1.407723790005994,19,0.0
1,222,1.37113335413878,20,0.0
1,223,1.37113335413878,20,0.0
1,224,1.37113335413878,20,0.0
1,225,1.3731312024714177,21,0.0
1,226,1.3731312024714177,21,0.0
1,227,1.3731312024714177,21,0.0
1,228,1.3731312024714177,21,0.0
1,229,1.3731312024714177,21,0.0
1,230,1.3731312024714177,21,0.0
1,231,1.3731312024714177,21,0.0
1,232,1.3731312024714177,21,0.0
1,233,1.3731312024714177,21,0.0
1,234,1.3776361483644999,22,0.0
1,235,1.3776361483644999,22,0.0
1,236,1.3776361483644999,22,0.0
1,237,1.3776361483644999,22,0.0
1,238,1.3776361483644999,22,0.0
1,239,1.3776361483644999,22,0.0
1,240,1.3727503738503846,23,0.0
1,241,1.3727503738503846,23,0.0
1,242,1.3691554001040989,24,0.0
1,243,1.3691554001040989,24,0.0
1,244,1.3691554001040989,24,0.0
1,245,1.3691554001040989,24,0.0
1,246,1.3691554001040989,24,0.0
1,247,1.3691554001040989,24,0.0
1,248,1.3691554001040989,24,0.0
1,249,1.3691554001040989,24,0.0
1,250,1.3691554001040989,24,0.0
1,251,1.3701591457967064,25,0.0009970664978027344
1,252,1.3701591457967064,25,0.0009970664978027344
1,253,1.3701591457967064,25,0.0009970664978027344
1,254,1.3701591457967064,25,0.0009970664978027344
1,255,1.3701591457967064,25,0.0009970664978027344
1,256,1.3701591457967064,25,0.0009970664978027344
1,257,1.3701591457967064,25,0.0009970664978027344
1,258,1.3701591457967064,25,0.0009970664978027344
1,259,1.3701591457967064,25,0.0009970664978027344
1,260,1.3701591457967064,25,0.0009970664978027344
1,261,1.3701591457967064,25,0.0009970664978027344
1,262,1.3701591457967064,25,0.0009970664978027344
1,263,1.3701591457967064,25,0.0009970664978027344
1,264,1.3701591457967064,25,0.0009970664978027344
1,265,1.43420036669335,26,0.0
1,266,1.43420036669335,26,0.0
1,267,1.43420036669335,26,0.0
1,268,1.43420036669335,26,0.0
1,269,1.43420036669335,26,0.0
1,270,1.43420036669335,26,0.0
1,271,1.43420036669335,26,0.0
1,272,1.43420036669335,26,0.0
1,273,1.43420036669335,26,0.0
1,274,1.43420036669335,26,0.0
1,275,1.43420036669335,26,0.0
1,276,1.43420036669335,26,0.0
1,277,1.43420036669335,26,0.0
1,278,1.43420036669335,26,0.0
1,279,1.43420036669335,26,0.0
1,280,1.43420036669335,26,0.0
1,281,1.43420036669335,26,0.0
1,282,1.43420036669335,26,0.0
1,283,1.43420036669335,26,0.0
1,284,1.43420036669335,26,0.0
1,285,1.43420036669335,26,0.0
1,286,1.43420036669335,26,0.0
1,287,1.43420036669335,26,0.0
1,288,1.43420036669335,26,0.0
1,289,1.43420036669335,26,0.0
1,290,1.43420036669335,26,0.0
1,291,1.43420036669335,26,0.0
1,292,1.43420036669335,26,0.0
1,293,1.43420036669335,26,0.0
1,294,1.43420036669335,26,0.0
1,295,1.43420036669335,26,0.0
1,296,1.43420036669335,26,0.0
1,297,1.43420036669335,26,0.0
1,298,1.43420036669335,26,0.0
1,299,1.43420036669335,26,0.0
1,300,1.43420036669335,26,0.0
1,301,1.43420036669335,26,0.0
1,302,1.43420036669335,26,0.0
1,303,1.43420036669335,26,0.0
1,304,1.43420036669335,26,0.0
1,305,1.43420036669335,26,0.0
1,306,1.43420036669335,26,0.0
1,307,1.43420036669335,26,0.0
1,308,1.43420036669335,26,0.0
1,309,1.43420036669335,26,0.0
1,310,1.43420036669335,26,0.0
1,311,1.43420036669335,26,0.0
1,312,1.43420036669335,26,0.0
1,313,1.43420036669335,26,0.0
1,314,1.43420036669335,26,0.0
1,315,1.43420036669335,26,0.0
1,316,1.43420036669335,26,0.0
1,317,1.43420036669335,26,0.0
1,318,1.43420036669335,26,0.0
1,319,1.43420036669335,26,0.0
1,320,1.43420036669335,26,0.0
1,321,1.43420036669335,26,0.0
1,322,1.43420036669335,26,0.0
1,323,1.43420036669335,26,0.0
1,324,1.43420036669335,26,0.0
1,325,1.43420036669335,26,0.0
1,326,1.43420036669335,26,0.0
1,327,1.43420036669335,26,0.0
1,328,1.43420036669335,26,0.0
1,329,1.43420036669335,26,0.0
1,330,1.43420036669335,26,0.0
1,331,1.43420036669335,26,0.0
1,332,1.43420036669335,26,0.0
1,333,1.43420036669335,26,0.0
1,334,1.43420036669335,26,0.0
1,335,1.43420036669335,26,0.0
1,336,1.43420036669335,26,0.0
1,337,1.43420036669335,26,0.0
1,338,1.43420036669335,26,0.0
1,339,1.43420036669335,26,0.0
1,340,1.43420036669335,26,0.0
1,341,1.43420036669335,26,0.0
1,342,1.43420036669335,26,0.0
1,343,1.43420036669335,26,0.0
1,344,1.43420036669335,26,0.0
1,345,1.43420036669335,26,0.0
1,346,1.43420036669335,26,0.0
1,347,1.43420036669335,26,0.0
1,348,1.43420036669335,26,0.0
1,349,1.43420036669335,26,0.0
1,350,1.43420036669335,26,0.0
1,351,1.43420036669335,26,0.0
1,352,1.43420036669335,26,0.0
1,353,1.43420036669335,26,0.0
1,354,1.43420036669335,26,0.0
1,355,1.43420036669335,26,0.0
1,356,1.43420036669335,26,0.0
1,357,1.43420036669335,26,0.0
1,358,1.43420036669335,26,0.0
1,359,1.43420036669335,26,0.0
1,360,1.43420036669335,26,0.0
1,361,1.43420036669335,26,0.0
1,362,1.43420036669335,26,0.0
1,363,1.43420036669335,26,0.0
1,364,1.43420036669335,26,0.0
1,365,1.43420036669335,26,0.0
1,366,1.43420036669335,26,0.0
1,367,1.43420036669335,26,0.0
1,368,1.43420036669335,26,0.0
1,369,1.43420036669335,26,0.0
1,370,1.3730817626990195,27,0.0
1,371,1.3730817626990195,27,0.0
1,372,1.3730817626990195,27,0.0
1,373,1.3730817626990195,27,0.0
1,374,1.3730817626990195,27,0.0
1,375,1.3730817626990195,27,0.0
1,376,1.3763213099669516,28,0.0
1,377,1.3763213099669516,28,0.0
1,378,1.3763213099669516,28,0.0
1,379,1.3763213099669516,28,0.0
1,380,1.3763213099669516,28,0.0
1,381,1.3736287289149667,29,0.0
1,382,1.3736287289149667,29,0.0
1,383,1.3736287289149667,29,0.0
1,384,1.3818598148455923,30,0.0
1,385,1.3818598148455923,30,0.0
1,386,1.3818598148455923,30,0.0
1,387,1.3818598148455923,30,0.0
1,388,1.3818598148455923,30,0.0
1,389,1.3818598148455923,30,0.0
1,390,1.3818598148455923,30,0.0
1,391,1.3818598148455923,30,0.0
1,392,1.3818598148455923,30,0.0
1,393,1.3818598148455923,30,0.0
1,394,1.3818598148455923,30,0.0
1,395,1.3695689599692173,31,0.0
1,396,1.3695689599692173,31,0.0
1,397,1.3695689599692173,31,0.0
1,398,1.3695689599692173,31,0.0
1,399,1.3695689599692173,31,0.0
1,400,1.3736284996282748,32,0.0
1,401,1.3736284996282748,32,0.0
1,402,1.3736284996282748,32,0.0
1,403,1.3736284996282748,32,0.0
1,404,1.3697366779520734,33,0.0
1,405,1.3697366779520734,33,0.0
1,406,1.3697366779520734,33,0.0
1,407,1.3697366779520734,33,0.0
1,408,1.3730850752114263,34,0.0
1,409,1.3730850752114263,34,0.0
1,410,1.3730850752114263,34,0.0
1,411,1.3812065794909083,35,0.0
1,412,1.3812065794909083,35,0.0
1,413,1.3812065794909083,35,0.0
1,414,1.3812065794909083,35,0.0
1,415,1.3812065794909083,35,0.0
1,416,1.3812065794909083,35,0.0
1,417,1.3812065794909083,35,0.0
1,418,1.3688165752296815,36,0.0
1,419,1.3688165752296815,36,0.0
1,420,1.383986997824859,37,0.0
1,421,1.383986997824859,37,0.0
1,422,1.383986997824859,37,0.0
1,423,1.383986997824859,37,0.0
1,424,1.383986997824859,37,0.0
1,425,1.383986997824859,37,0.0
1,426,1.383986997824859,37,0.0
1,427,1.383986997824859,37,0.0
1,428,1.383986997824859,37,0.0
1,429,1.3724759351479454,38,0.0
1,430,1.3724759351479454,38,0.0
1,431,1.3724759351479454,38,0.0
1,432,1.3724759351479454,38,0.0
1,433,1.3723255597821913,39,0.0
1,434,1.3723255597821913,39,0.0
1,435,1.3723255597821913,39,0.0
1,436,1.3723255597821913,39,0.0
1,437,1.3723255597821913,39,0.0
1,438,1.3692348183430616,40,0.0
1,439,1.3692348183430616,40,0.0
1,440,1.3692348183430616,40,0.0
1,441,1.3692348183430616,40,0.0
1,442,1.3706897888983212,41,0.0
1,443,1.3706897888983212,41,0.0
1,444,1.3706897888983212,41,0.0
1,445,1.3706897888983212,41,0.0
1,446,1.3706897888983212,41,0.0
1,447,1.3706897888983212,41,0.0
1,448,1.3706897888983212,41,0.0
1,449,1.3706897888983212,41,0.0
1,450,1.37876048765549,42,0.0
1,451,1.37876048765549,42,0.0
1,452,1.37876048765549,42,0.0
1,453,1.37876048765549,42,0.0
1,454,1.37876048765549,42,0.0
1,455,1.37876048765549,42,0.0
1,456,1.37876048765549,42,0.0
1,457,1.37876048765549,42,0.0
1,458,1.37876048765549,42,0.0
1,459,1.37876048765549,42,0.0
1,460,1.37876048765549,42,0.0
1,461,1.37876048765549,42,0.0
1,462,1.37876048765549,42,0.0
1,463,1.3714772648610989,43,0.0
1,464,1.3747527947981935,44,0.0
1,465,1.3747527947981935,44,0.0
1,466,1.3747527947981935,44,0.0
1,467,1.3747527947981935,44,0.0
1,468,1.3747527947981935,44,0.0
1,469,1.3747527947981935,44,0.0
1,470,1.3747527947981935,44,0.0
1,471,1.3747527947981935,44,0.0
1,472,1.3747527947981935,44,0.0
1,473,1.3765051390663197,45,0.0
1,474,1.3765051390663197,45,0.0
1,475,1.3765051390663197,45,0.0
1,476,1.3765051390663197,45,0.0
1,477,1.3765051390663197,45,0.0
1,478,1.3765051390663197,45,0.0
1,479,1.3765051390663197,45,0.0
1,480,1.3745248603365332,46,0.0
1,481,1.3745248603365332,46,0.0
1,482,1.3745248603365332,46,0.0
1,483,1.3745248603365332,46,0.0
1,484,1.3745248603365332,46,0.0
1,485,1.3731718186221193,47,0.0
1,486,1.3731718186221193,47,0.0
1,487,1.3788924605074977,48,0.0009975433349609375
1,488,1.3788924605074977,48,0.0009975433349609375
1,489,1.3788924605074977,48,0.0009975433349609375
1,490,1.3788924605074977,48,0.0009975433349609375
1,491,1.3788924605074977,48,0.0009975433349609375
1,492,1.3788924605074977,48,0.0009975433349609375
1,493,1.3788924605074977,48,0.0009975433349609375
1,494,1.3788924605074977,48,0.0009975433349609375
1,495,1.3788924605074977,48,0.0009975433349609375
1,496,1.3735035229448735,49,0.0
1,497,1.3735035229448735,49,0.0
1,498,1.3735035229448735,49,0.0
1,499,1.3735035229448735,49,0.0
1,500,1.3735035229448735,49,0.0
1,501,1.3735035229448735,49,0.0
1,502,1.3735035229448735,49,0.0
1,503,1.3735035229448735,49,0.0
1,504,1.3735035229448735,49,0.0
1,505,1.3735035229448735,49,0.0
1,506,1.3735035229448735,49,0.0
1,507,1.3735035229448735,49,0.0
1,508,1.3735035229448735,49,0.0
1,509,1.3700078619279557,50,0.0
1,510,1.3691484546479364,51,0.0009970664978027344
1,511,1.3691484546479364,51,0.0009970664978027344
1,512,1.3691484546479364,51,0.0009970664978027344
1,513,1.3691484546479364,51,0.0009970664978027344
1,514,1.3706212578300754,52,0.0
1,515,1.3706212578300754,52,0.0
1,516,1.3706212578300754,52,0.0
1,517,1.3734776712322134,53,0.0
1,518,1.3734776712322134,53,0.0
1,519,1.3734776712322134,53,0.0
1,520,1.3862888612250663,54,0.0
1,521,1.3862888612250663,54,0.0
1,522,1.3862888612250663,54,0.0
1,523,1.3862888612250663,54,0.0
1,524,1.3862888612250663,54,0.0
1,525,1.3862888612250663,54,0.0
1,526,1.3862888612250663,54,0.0
1,527,1.3862888612250663,54,0.0
1,528,1.3862888612250663,54,0.0
1,529,1.3862888612250663,54,0.0
1,530,1.3862888612250663,54,0.0
1,531,1.3862888612250663,54,0.0
1,532,1.3862888612250663,54,0.0
1,533,1.3862888612250663,54,0.0
1,534,1.3862888612250663,54,0.0
1,535,1.3862888612250663,54,0.0
1,536,1.3862888612250663,54,0.0
1,537,1.3862888612250663,54,0.0
1,538,1.3862888612250663,54,0.0
1,539,1.3862888612250663,54,0.0
1,540,1.3862888612250663,54,0.0
1,541,1.3862888612250663,54,0.0
1,542,1.3862888612250663,54,0.0
1,543,1.375008295714402,55,0.0
1,544,1.375008295714402,55,0.0
1,545,1.375008295714402,55,0.0
1,546,1.375008295714402,55,0.0
1,547,1.375008295714402,55,0.0
1,548,1.375008295714402,55,0.0
1,549,1.375008295714402,55,0.0
1,550,1.375008295714402,55,0.0
1,551,1.3739838903436499,56,0.000997304916381836
1,552,1.3739838903436499,56,0.000997304916381836
1,553,1.3739838903436499,56,0.000997304916381836
1,554,1.3785051762291336,57,0.0
1,555,1.3785051762291336,57,0.0
1,556,1.3785051762291336,57,0.0
1,557,1.3785051762291336,57,0.0
1,558,1.3785051762291336,57,0.0
1,559,1.3785051762291336,57,0.0
1,560,1.3714117722330255,58,0.0
1,561,1.3714117722330255,58,0.0
1,562,1.3714117722330255,58,0.0
1,563,1.3714117722330255,58,0.0
1,564,1.3728811400760312,59,0.0
1,565,1.3728811400760312,59,0.0
1,566,1.3728811400760312,59,0.0
1,567,1.3728811400760312,59,0.0
1,568,1.3722611399084486,60,0.0
1,569,1.3722611399084486,60,0.0
1,570,1.3969912094834978,61,0.0
1,571,1.3969912094834978,61,0.0
1,572,1.3969912094834978,61,0.0
1,573,1.3969912094834978,61,0.0
1,574,1.3969912094834978,61,0.0
1,575,1.3969912094834978,61,0.0
1,576,1.3969912094834978,61,0.0
1,577,1.3969912094834978,61,0.0
1,578,1.3969912094834978,61,0.0
1,579,1.3969912094834978,61,0.0
1,580,1.3969912094834978,61,0.0
1,581,1.3969912094834978,61,0.0
1,582,1.3969912094834978,61,0.0
1,583,1.3969912094834978,61,0.0
1,584,1.3969912094834978,61,0.0
1,585,1.3969912094834978,61,0.0
1,586,1.3969912094834978,61,0.0
1,587,1.3969912094834978,61,0.0
1,588,1.3969912094834978,61,0.0
1,589,1.3969912094834978,61,0.0
1,590,1.3969912094834978,61,0.0
1,591,1.3969912094834978,61,0.0
1,592,1.3969912094834978,61,0.0
1,593,1.3969912094834978,61,0.0
1,594,1.3969912094834978,61,0.0
1,595,1.3969912094834978,61,0.0
1,596,1.3969912094834978,61,0.0
1,597,1.3969912094834978,61,0.0
1,598,1.3969912094834978,61,0.0
1,599,1.3969912094834978,61,0.0
1,600,1.3969912094834978,61,0.0
1,601,1.3969912094834978,61,0.0
1,602,1.370512552049148,62,0.0
1,603,1.370512552049148,62,0.0
1,604,1.370512552049148,62,0.0
1,605,1.370512552049148,62,0.0
1,606,1.370512552049148,62,0.0
1,607,1.3723361173364725,63,0.0
1,608,1.3723361173364725,63,0.0
1,609,1.3723361173364725,63,0.0
1,610,1.3715569825338938,64,0.0
1,611,1.3715569825338938,64,0.0
1,612,1.3715569825338938,64,0.0
1,613,1.3715569825338938,64,0.0
1,614,1.3715569825338938,64,0.0
1,615,1.3715569825338938,64,0.0
1,616,1.3715569825338938,64,0.0
1,617,1.3715569825338938,64,0.0
1,618,1.3715569825338938,64,0.0
1,619,1.3715569825338938,64,0.0
1,620,1.3715569825338938,64,0.0
1,621,1.3719792167879423,65,0.0
1,622,1.3719792167879423,65,0.0
1,623,1.379942749655107,66,0.0
1,624,1.379942749655107,66,0.0
1,625,1.379942749655107,66,0.0
1,626,1.379942749655107,66,0.0
1,627,1.379942749655107,66,0.0
1,628,1.379942749655107,66,0.0
1,629,1.379942749655107,66,0.0
1,630,1.379942749655107,66,0.0
1,631,1.379942749655107,66,0.0
1,632,1.379942749655107,66,0.0
1,633,1.379942749655107,66,0.0
1,634,1.379942749655107,66,0.0
1,635,1.379942749655107,66,0.0
1,636,1.379942749655107,66,0.0
1,637,1.497131696155989,67,0.0
1,638,1.497131696155989,67,0.0
1,639,1.497131696155989,67,0.0
1,640,1.497131696155989,67,0.0
1,641,1.497131696155989,67,0.0
1,642,1.497131696155989,67,0.0
1,643,1.497131696155989,67,0.0
1,644,1.497131696155989,67,0.0
1,645,1.497131696155989,67,0.0
1,646,1.497131696155989,67,0.0
1,647,1.497131696155989,67,0.0
1,648,1.497131696155989,67,0.0
1,649,1.497131696155989,67,0.0
1,650,1.497131696155989,67,0.0
1,651,1.497131696155989,67,0.0
1,652,1.497131696155989,67,0.0
1,653,1.497131696155989,67,0.0
1,654,1.497131696155989,67,0.0
1,655,1.497131696155989,67,0.0
1,656,1.497131696155989,67,0.0
1,657,1.497131696155989,67,0.0
1,658,1.497131696155989,67,0.0
1,659,1.497131696155989,67,0.0
1,660,1.497131696155989,67,0.0
1,661,1.497131696155989,67,0.0
1,662,1.497131696155989,67,0.0
1,663,1.497131696155989,67,0.0
1,664,1.497131696155989,67,0.0
1,665,1.497131696155989,67,0.0
1,666,1.497131696155989,67,0.0
1,667,1.497131696155989,67,0.0
1,668,1.497131696155989,67,0.0
1,669,1.497131696155989,67,0.0
1,670,1.497131696155989,67,0.0
1,671,1.497131696155989,67,0.0
1,672,1.497131696155989,67,0.0
1,673,1.497131696155989,67,0.0
1,674,1.497131696155989,67,0.0
1,675,1.497131696155989,67,0.0
1,676,1.497131696155989,67,0.0
1,677,1.497131696155989,67,0.0
1,678,1.497131696155989,67,0.0
1,679,1.497131696155989,67,0.0
1,680,1.497131696155989,67,0.0
1,681,1.497131696155989,67,0.0
1,682,1.497131696155989,67,0.0
1,683,1.497131696155989,67,0.0
1,684,1.497131696155989,67,0.0
1,685,1.497131696155989,67,0.0
1,686,1.497131696155989,67,0.0
1,687,1.497131696155989,67,0.0
1,688,1.497131696155989,67,0.0
1,689,1.497131696155989,67,0.0
1,690,1.497131696155989,67,0.0
1,691,1.497131696155989,67,0.0
1,692,1.497131696155989,67,0.0
1,693,1.497131696155989,67,0.0
1,694,1.497131696155989,67,0.0
1,695,1.497131696155989,67,0.0
1,696,1.497131696155989,67,0.0
1,697,1.497131696155989,67,0.0
1,698,1.497131696155989,67,0.0
1,699,1.497131696155989,67,0.0
1,700,1.497131696155989,67,0.0
1,701,1.497131696155989,67,0.0
1,702,1.497131696155989,67,0.0
1,703,1.497131696155989,67,0.0
1,704,1.497131696155989,67,0.0
1,705,1.497131696155989,67,0.0
1,706,1.497131696155989,67,0.0
1,707,1.497131696155989,67,0.0
1,708,1.497131696155989,67,0.0
1,709,1.497131696155989,67,0.0
1,710,1.497131696155989,67,0.0
1,711,1.497131696155989,67,0.0
1,712,1.497131696155989,67,0.0
1,713,1.497131696155989,67,0.0
1,714,1.497131696155989,67,0.0
1,715,1.497131696155989,67,0.0
1,716,1.497131696155989,67,0.0
1,717,1.497131696155989,67,0.0
1,718,1.497131696155989,67,0.0
1,719,1.497131696155989,67,0.0
1,720,1.497131696155989,67,0.0
1,721,1.497131696155989,67,0.0
1,722,1.497131696155989,67,0.0
1,723,1.497131696155989,67,0.0
1,724,1.497131696155989,67,0.0
1,725,1.497131696155989,67,0.0
1,726,1.497131696155989,67,0.0
1,727,1.497131696155989,67,0.0
1,728,1.497131696155989,67,0.0
1,729,1.497131696155989,67,0.0
1,730,1.497131696155989,67,0.0
1,731,1.497131696155989,67,0.0
1,732,1.497131696155989,67,0.0
1,733,1.497131696155989,67,0.0
1,734,1.497131696155989,67,0.0
1,735,1.497131696155989,67,0.0
1,736,1.497131696155989,67,0.0
1,737,1.497131696155989,67,0.0
1,738,1.497131696155989,67,0.0
1,739,1.497131696155989,67,0.0
1,740,1.497131696155989,67,0.0
1,741,1.497131696155989,67,0.0
1,742,1.497131696155989,67,0.0
1,743,1.497131696155989,67,0.0
1,744,1.497131696155989,67,0.0
1,745,1.497131696155989,67,0.0
1,746,1.497131696155989,67,0.0
1,747,1.497131696155989,67,0.0
1,748,1.497131696155989,67,0.0
1,749,1.497131696155989,67,0.0
1,750,1.497131696155989,67,0.0
1,751,1.497131696155989,67,0.0
1,752,1.497131696155989,67,0.0
1,753,1.3735272370844163,68,0.0
1,754,1.3735272370844163,68,0.0
1,755,1.3735272370844163,68,0.0
1,756,1.3735272370844163,68,0.0
1,757,1.3735272370844163,68,0.0
1,758,1.3735272370844163,68,0.0
1,759,1.3735272370844163,68,0.0
1,760,1.3735272370844163,68,0.0
1,761,1.3735272370844163,68,0.0
1,762,1.3735272370844163,68,0.0
1,763,1.3735272370844163,68,0.0
1,764,1.3735272370844163,68,0.0
1,765,1.3735272370844163,68,0.0
1,766,1.3778397964206692,69,0.0
1,767,1.3778397964206692,69,0.0
1,768,1.3778397964206692,69,0.0
1,769,1.3778397964206692,69,0.0
1,770,1.3778397964206692,69,0.0
1,771,1.3778397964206692,69,0.0
1,772,1.3778397964206692,69,0.0
1,773,1.3778397964206692,69,0.0
1,774,1.3736438257302381,70,0.0
1,775,1.3736438257302381,70,0.0
1,776,1.3736438257302381,70,0.0
1,777,1.3736438257302381,70,0.0
1,778,1.3835671046222393,71,0.0
1,779,1.3835671046222393,71,0.0
1,780,1.3835671046222393,71,0.0
1,781,1.3835671046222393,71,0.0
1,782,1.3835671046222393,71,0.0
1,783,1.3835671046222393,71,0.0
1,784,1.3835671046222393,71,0.0
1,785,1.3835671046222393,71,0.0
1,786,1.3835671046222393,71,0.0
1,787,1.3835671046222393,71,0.0
1,788,1.3835671046222393,71,0.0
1,789,1.3835671046222393,71,0.0
1,790,1.3835671046222393,71,0.0
1,791,1.3835671046222393,71,0.0
1,792,1.3835671046222393,71,0.0
1,793,1.3835671046222393,71,0.0
1,794,1.3835671046222393,71,0.0
1,795,1.3835671046222393,71,0.0
1,796,1.3835671046222393,71,0.0
1,797,1.3835671046222393,71,0.0
1,798,1.3835671046222393,71,0.0
1,799,1.3835671046222393,71,0.0
1,800,1.3835671046222393,71,0.0
1,801,1.3835671046222393,71,0.0
1,802,1.3835671046222393,71,0.0
1,803,1.3738912532578198,72,0.0
1,804,1.3738912532578198,72,0.0
1,805,1.3738912532578198,72,0.0
1,806,1.3738912532578198,72,0.0
1,807,1.3738912532578198,72,0.0
1,808,1.3738912532578198,72,0.0
1,809,1.3738912532578198,72,0.0
1,810,1.3738912532578198,72,0.0
1,811,1.3738912532578198,72,0.0
1,812,1.3738912532578198,72,0.0
1,813,1.3710433783658782,73,0.0
1,814,1.3710433783658782,73,0.0
1,815,1.3747253201333156,74,0.0
1,816,1.3747253201333156,74,0.0
1,817,1.3747253201333156,74,0.0
1,818,1.3747253201333156,74,0.0
1,819,1.3721346277194828,75,0.0
1,820,1.3721346277194828,75,0.0
1,821,1.3721346277194828,75,0.0
1,822,1.3707316914624563,76,0.0
1,823,1.3707316914624563,76,0.0
1,824,1.3707316914624563,76,0.0
1,825,1.3707316914624563,76,0.0
1,826,1.3714784257300827,77,0.000997304916381836
1,827,1.3714784257300827,77,0.000997304916381836
1,828,1.3714784257300827,77,0.000997304916381836
1,829,1.3714784257300827,77,0.000997304916381836
1,830,1.3714784257300827,77,0.000997304916381836
1,831,1.3714784257300827,77,0.000997304916381836
1,832,1.3714784257300827,77,0.000997304916381836
1,833,1.3753585083347148,78,0.0
1,834,1.3753585083347148,78,0.0
1,835,1.3753585083347148,78,0.0
1,836,1.3753585083347148,78,0.0
1,837,1.3753585083347148,78,0.0
1,838,1.3758552496915166,79,0.0
1,839,1.3758552496915166,79,0.0
1,840,1.3758552496915166,79,0.0
1,841,1.3758552496915166,79,0.0
1,842,1.3992965320976758,80,0.0009968280792236328
1,843,1.3992965320976758,80,0.0009968280792236328
1,844,1.3992965320976758,80,0.0009968280792236328
1,845,1.3992965320976758,80,0.0009968280792236328
1,846,1.3992965320976758,80,0.0009968280792236328
1,847,1.3992965320976758,80,0.0009968280792236328
1,848,1.3992965320976758,80,0.0009968280792236328
1,849,1.3992965320976758,80,0.0009968280792236328
1,850,1.3992965320976758,80,0.0009968280792236328
1,851,1.3992965320976758,80,0.0009968280792236328
1,852,1.3992965320976758,80,0.0009968280792236328
1,853,1.3992965320976758,80,0.0009968280792236328
1,854,1.3992965320976758,80,0.0009968280792236328
1,855,1.3992965320976758,80,0.0009968280792236328
1,856,1.3992965320976758,80,0.0009968280792236328
1,857,1.3992965320976758,80,0.0009968280792236328
1,858,1.3992965320976758,80,0.0009968280792236328
1,859,1.3992965320976758,80,0.0009968280792236328
1,860,1.3992965320976758,80,0.0009968280792236328
1,861,1.3992965320976758,80,0.0009968280792236328
1,862,1.3992965320976758,80,0.0009968280792236328
1,863,1.3992965320976758,80,0.0009968280792236328
1,864,1.3992965320976758,80,0.0009968280792236328
1,865,1.3992965320976758,80,0.0009968280792236328
1,866,1.3992965320976758,80,0.0009968280792236328
1,867,1.3992965320976758,80,0.0009968280792236328
1,868,1.3992965320976758,80,0.0009968280792236328
1,869,1.3992965320976758,80,0.0009968280792236328
1,870,1.3992965320976758,80,0.0009968280792236328
1,871,1.3992965320976758,80,0.0009968280792236328
1,872,1.3992965320976758,80,0.0009968280792236328
1,873,1.3992965320976758,80,0.0009968280792236328
1,874,1.3992965320976758,80,0.0009968280792236328
1,875,1.3992965320976758,80,0.0009968280792236328
1,876,1.3992965320976758,80,0.0009968280792236328
1,877,1.3992965320976758,80,0.0009968280792236328
1,878,1.3992965320976758,80,0.0009968280792236328
1,879,1.3992965320976758,80,0.0009968280792236328
1,880,1.3992965320976758,80,0.0009968280792236328
1,881,1.3992965320976758,80,0.0009968280792236328
1,882,1.3992965320976758,80,0.0009968280792236328
1,883,1.3992965320976758,80,0.0009968280792236328
1,884,1.3992965320976758,80,0.0009968280792236328
1,885,1.3992965320976758,80,0.0009968280792236328
1,886,1.3992965320976758,80,0.0009968280792236328
1,887,1.3992965320976758,80,0.0009968280792236328
1,888,1.369362098392234,81,0.0
1,889,1.369362098392234,81,0.0
1,890,1.369362098392234,81,0.0
1,891,1.3703892422613093,82,0.0
1,892,1.3751137642812368,83,0.0009968280792236328
1,893,1.3751137642812368,83,0.0009968280792236328
1,894,1.3751137642812368,83,0.0009968280792236328
1,895,1.3751137642812368,83,0.0009968280792236328
1,896,1.3751137642812368,83,0.0009968280792236328
1,897,1.3751137642812368,83,0.0009968280792236328
1,898,1.3751137642812368,83,0.0009968280792236328
1,899,1.3751137642812368,83,0.0009968280792236328
1,900,1.3751137642812368,83,0.0009968280792236328
1,901,1.3751137642812368,83,0.0009968280792236328
1,902,1.3751137642812368,83,0.0009968280792236328
1,903,1.3751137642812368,83,0.0009968280792236328
1,904,1.3751137642812368,83,0.0009968280792236328
1,905,1.3746242119033234,84,0.0
1,906,1.3746242119033234,84,0.0
1,907,1.3746242119033234,84,0.0
1,908,1.3746242119033234,84,0.0
1,909,1.3746242119033234,84,0.0
1,910,1.3746242119033234,84,0.0
1,911,1.3746242119033234,84,0.0
1,912,1.3746242119033234,84,0.0
1,913,1.3746242119033234,84,0.0
1,914,1.3746242119033234,84,0.0
1,915,1.3746242119033234,84,0.0
1,916,1.3746242119033234,84,0.0
1,917,1.3746242119033234,84,0.0
1,918,1.372453019250941,85,0.0
1,919,1.372453019250941,85,0.0
2,1,0.8700759040515841,1,0.015956401824951172
2,2,1.5250936377919437,1,0.015956401824951172
2,3,1.5250936377919437,1,0.015956401824951172
2,4,1.5250936377919437,1,0.015956401824951172
2,5,1.5963848435840913,2,0.0
2,6,1.5963848435840913,2,0.0
2,7,1.5963848435840913,2,0.0
2,8,1.5963848435840913,2,0.0
2,9,1.5963848435840913,2,0.0
2,10,1.5963848435840913,2,0.0
2,11,1.5963848435840913,2,0.0
2,12,1.5963848435840913,2,0.0
2,13,1.5963848435840913,2,0.0
2,14,1.5963848435840913,2,0.0
2,15,1.5963848435840913,2,0.0
2,16,1.5963848435840913,2,0.0
2,17,1.5963848435840913,2,0.0
2,18,1.5963848435840913,2,0.0
2,19,1.5963848435840913,2,0.0
2,20,1.5963848435840913,2,0.0
2,21,1.5963848435840913,2,0.0
2,22,1.5963848435840913,2,0.0
2,23,1.5963848435840913,2,0.0
2,24,1.5963848435840913,2,0.0
2,25,1.5963848435840913,2,0.0
2,26,1.5963848435840913,2,0.0
2,27,1.5963848435840913,2,0.0
2,28,1.5963848435840913,2,0.0
2,29,1.5963848435840913,2,0.0
2,30,1.5963848435840913,2,0.0
2,31,1.5963848435840913,2,0.0
2,32,1.5963848435840913,2,0.0
2,33,1.5963848435840913,2,0.0
2,34,1.5963848435840913,2,0.0
2,35,1.5963848435840913,2,0.0
2,36,1.5963848435840913,2,0.0
2,37,1.5963848435840913,2,0.0
2,38,1.5963848435840913,2,0.0
2,39,1.5963848435840913,2,0.0
2,40,1.5963848435840913,2,0.0
2,41,1.5963848435840913,2,0.0
2,42,1.5963848435840913,2,0.0
2,43,1.5963848435840913,2,0.0
2,44,0.9120490872516314,2,0.0
2,45,0.9120490872516314,2,0.0
2,46,1.5963848435840913,2,0.0
2,47,0.9120490872516314,2,0.0
2,48,1.5963848435840913,2,0.0
2,49,1.5963848435840913,2,0.0
2,50,1.5963848435840913,2,0.0
2,51,1.5963848435840913,2,0.0
2,52,1.5963848435840913,2,0.0
2,53,1.5963848435840913,2,0.0
2,54,1.5963848435840913,2,0.0
2,55,1.5963848435840913,2,0.0
2,56,1.5963848435840913,2,0.0
2,57,0.8690994612897043,3,0.000997304916381836
2,58,1.5211644052340185,3,0.000997304916381836
2,59,0.8690994612897043,3,0.000997304916381836
2,60,1.5234580921560474,4,0.0
2,61,1.5234580921560474,4,0.0
2,62,1.5234580921560474,4,0.0
2,63,0.8731191935165317,4,0.0
2,64,0.8731191935165317,4,0.0
2,65,0.8731191935165317,4,0.0
2,66,0.8731191935165317,4,0.0
2,67,1.5228593713488512,5,0.0
2,68,1.5228593713488512,5,0.0
2,69,0.8685617126650825,5,0.0
2,70,1.5228593713488512,5,0.0
2,71,1.5211194121856277,6,0.0
2,72,1.5211194121856277,6,0.0
2,73,1.5211194121856277,6,0.0
2,74,1.5235321376773971,7,0.0
2,75,1.5235321376773971,7,0.0
2,76,1.5235321376773971,7,0.0
2,77,1.5235321376773971,7,0.0
2,78,1.5235321376773971,7,0.0
2,79,0.8565022873375939,7,0.0
2,80,1.5235321376773971,7,0.0
2,81,1.5235321376773971,7,0.0
2,82,1.5235321376773971,7,0.0
2,83,0.8565022873375939,7,0.0
2,84,1.5235321376773971,7,0.0
2,85,1.5235321376773971,7,0.0
2,86,1.5235321376773971,7,0.0
2,87,1.5235321376773971,7,0.0
2,88,0.8657693370641815,8,0.0
2,89,1.520304949144122,8,0.0
2,90,0.8657693370641815,8,0.0
2,91,1.520304949144122,8,0.0
2,92,1.5341108205703207,9,0.0
2,93,1.5341108205703207,9,0.0
2,94,1.5341108205703207,9,0.0
2,95,0.8670792349174855,9,0.0
2,96,1.5341108205703207,9,0.0
2,97,1.5341108205703207,9,0.0
2,98,1.5341108205703207,9,0.0
2,99,1.5341108205703207,9,0.0
2,100,1.5341108205703207,9,0.0
2,101,1.5341108205703207,9,0.0
2,102,1.5186502332694194,10,0.0
2,103,1.5186502332694194,10,0.0
2,104,0.8728113232210223,10,0.0
2,105,0.8728113232210223,10,0.0
2,106,1.5186502332694194,10,0.0
2,107,0.8728113232210223,10,0.0
2,108,1.5236394859629534,11,0.0
2,109,1.5236394859629534,11,0.0
2,110,1.5236394859629534,11,0.0
2,111,1.5236394859629534,11,0.0
2,112,1.5236394859629534,11,0.0
2,113,1.5202549072065146,12,0.0
2,114,1.5202549072065146,12,0.0
2,115,1.5202549072065146,12,0.0
2,116,1.5202549072065146,12,0.0
2,117,1.5266753141828004,13,0.0
2,118,1.5266753141828004,13,0.0
2,119,1.5266753141828004,13,0.0
2,120,1.5266753141828004,13,0.0
2,121,1.5266753141828004,13,0.0
2,122,1.5266753141828004,13,0.0
2,123,0.8688337973787061,14,0.0
2,124,1.5201931595606932,14,0.0
2,125,1.5201931595606932,14,0.0
2,126,0.8688337973787061,14,0.0
2,127,1.5201931595606932,14,0.0
2,128,1.5201931595606932,14,0.0
2,129,1.5201931595606932,14,0.0
2,130,1.5201931595606932,14,0.0
2,131,1.5201931595606932,14,0.0
2,132,0.8688337973787061,14,0.0
2,133,1.5201931595606932,14,0.0
2,134,1.5201931595606932,14,0.0
2,135,1.5201931595606932,14,0.0
2,136,0.8688337973787061,14,0.0
2,137,0.8709079961662545,15,0.0
2,138,1.522669176726813,15,0.0
2,139,0.8709079961662545,15,0.0
2,140,1.522669176726813,15,0.0
2,141,1.5221805358086353,16,0.0
2,142,1.5221805358086353,16,0.0
2,143,1.5183638236047265,17,0.0
2,144,0.8781594980310556,17,0.0
2,145,0.8781594980310556,17,0.0
2,146,0.8781594980310556,17,0.0
2,147,1.5348005649878096,18,0.0
2,148,1.5348005649878096,18,0.0
2,149,0.8714648335545033,18,0.0
2,150,1.5348005649878096,18,0.0
2,151,1.5348005649878096,18,0.0
2,152,1.5348005649878096,18,0.0
2,153,1.5348005649878096,18,0.0
2,154,1.5348005649878096,18,0.0
2,155,0.8714648335545033,18,0.0
2,156,0.8714648335545033,18,0.0
2,157,1.5348005649878096,18,0.0
2,158,1.5348005649878096,18,0.0
2,159,1.5823387319989763,19,0.0
2,160,1.5823387319989763,19,0.0
2,161,1.5823387319989763,19,0.0
2,162,1.5823387319989763,19,0.0
2,163,1.5823387319989763,19,0.0
2,164,1.5823387319989763,19,0.0
2,165,0.9094382785047481,19,0.0
2,166,1.5823387319989763,19,0.0
2,167,0.9094382785047481,19,0.0
2,168,1.5823387319989763,19,0.0
2,169,1.5823387319989763,19,0.0
2,170,1.5823387319989763,19,0.0
2,171,1.5823387319989763,19,0.0
2,172,1.5823387319989763,19,0.0
2,173,1.5823387319989763,19,0.0
2,174,0.9094382785047481,19,0.0
2,175,1.5823387319989763,19,0.0
2,176,1.5823387319989763,19,0.0
2,177,1.5823387319989763,19,0.0
2,178,1.5823387319989763,19,0.0
2,179,1.5823387319989763,19,0.0
2,180,1.5823387319989763,19,0.0
2,181,1.5823387319989763,19,0.0
2,182,1.5823387319989763,19,0.0
2,183,1.5823387319989763,19,0.0
2,184,1.5823387319989763,19,0.0
2,185,1.5823387319989763,19,0.0
2,186,1.5823387319989763,19,0.0
2,187,1.5823387319989763,19,0.0
2,188,1.5823387319989763,19,0.0
2,189,1.5823387319989763,19,0.0
2,190,1.5823387319989763,19,0.0
2,191,1.5823387319989763,19,0.0
2,192,1.5823387319989763,19,0.0
2,193,1.5823387319989763,19,0.0
2,194,1.5823387319989763,19,0.0
2,195,1.5823387319989763,19,0.0
2,196,1.5823387319989763,19,0.0
2,197,1.5823387319989763,19,0.0
2,198,1.5823387319989763,19,0.0
2,199,1.5823387319989763,19,0.0
2,200,1.5823387319989763,19,0.0
2,201,1.5823387319989763,19,0.0
2,202,1.5823387319989763,19,0.0
2,203,1.5823387319989763,19,0.0
2,204,1.5823387319989763,19,0.0
2,205,1.5823387319989763,19,0.0
2,206,1.5823387319989763,19,0.0
2,207,1.5823387319989763,19,0.0
2,208,1.5823387319989763,19,0.0
2,209,1.5823387319989763,19,0.0
2,210,1.5823387319989763,19,0.0
2,211,1.5823387319989763,19,0.0
2,212,1.5823387319989763,19,0.0
2,213,0.9094382785047481,19,0.0
2,214,1.5823387319989763,19,0.0
2,215,1.5823387319989763,19,0.0
2,216,1.5823387319989763,19,0.0
2,217,1.5823387319989763,19,0.0
2,218,1.5823387319989763,19,0.0
2,219,1.5823387319989763,19,0.0
2,220,1.5823387319989763,19,0.0
2,221,1.5823387319989763,19,0.0
2,222,1.5200060591794586,20,0.000997304916381836
2,223,1.5200060591794586,20,0.000997304916381836
2,224,1.5200060591794586,20,0.000997304916381836
2,225,1.5245957605093676,21,0.0
2,226,1.5245957605093676,21,0.0
2,227,1.5245957605093676,21,0.0
2,228,1.5245957605093676,21,0.0
2,229,0.8696616081762174,21,0.0
2,230,1.5245957605093676,21,0.0
2,231,1.5245957605093676,21,0.0
2,232,1.5245957605093676,21,0.0
2,233,1.5245957605093676,21,0.0
2,234,1.5268799996575677,22,0.0
2,235,1.5268799996575677,22,0.0
2,236,1.5268799996575677,22,0.0
2,237,0.8732819575130978,22,0.0
2,238,1.5268799996575677,22,0.0
2,239,1.5268799996575677,22,0.0
2,240,0.8684206185925751,23,0.0
2,241,1.5207749279585652,23,0.0
2,242,1.5190563779139203,24,0.0
2,243,1.5190563779139203,24,0.0
2,244,1.5190563779139203,24,0.0
2,245,1.5190563779139203,24,0.0
2,246,1.5190563779139203,24,0.0
2,247,1.5190563779139203,24,0.0
2,248,1.5190563779139203,24,0.0
2,249,0.8661650503132806,24,0.0
2,250,0.8661650503132806,24,0.0
2,251,1.5239654056493055,25,0.0
2,252,0.8575988783881093,25,0.0
2,253,1.5239654056493055,25,0.0
2,254,0.8575988783881093,25,0.0
2,255,1.5239654056493055,25,0.0
2,256,1.5239654056493055,25,0.0
2,257,1.5239654056493055,25,0.0
2,258,1.5239654056493055,25,0.0
2,259,1.5239654056493055,25,0.0
2,260,1.5239654056493055,25,0.0
2,261,1.5239654056493055,25,0.0
2,262,1.5239654056493055,25,0.0
2,263,1.5239654056493055,25,0.0
2,264,1.5239654056493055,25,0.0
2,265,1.6238839507665683,26,0.0
2,266,1.6238839507665683,26,0.0
2,267,0.9405143057429768,26,0.0
2,268,1.6238839507665683,26,0.0
2,269,1.6238839507665683,26,0.0
2,270,1.6238839507665683,26,0.0
2,271,1.6238839507665683,26,0.0
2,272,1.6238839507665683,26,0.0
2,273,1.6238839507665683,26,0.0
2,274,1.6238839507665683,26,0.0
2,275,1.6238839507665683,26,0.0
2,276,1.6238839507665683,26,0.0
2,277,1.6238839507665683,26,0.0
2,278,1.6238839507665683,26,0.0
2,279,0.9405143057429768,26,0.0
2,280,1.6238839507665683,26,0.0
2,281,1.6238839507665683,26,0.0
2,282,1.6238839507665683,26,0.0
2,283,1.6238839507665683,26,0.0
2,284,1.6238839507665683,26,0.0
2,285,1.6238839507665683,26,0.0
2,286,1.6238839507665683,26,0.0
2,287,1.6238839507665683,26,0.0
2,288,1.6238839507665683,26,0.0
2,289,1.6238839507665683,26,0.0
2,290,1.6238839507665683,26,0.0
2,291,0.9405143057429768,26,0.0
2,292,1.6238839507665683,26,0.0
2,293,1.6238839507665683,26,0.0
2,294,1.6238839507665683,26,0.0
2,295,1.6238839507665683,26,0.0
2,296,1.6238839507665683,26,0.0
2,297,1.6238839507665683,26,0.0
2,298,1.6238839507665683,26,0.0
2,299,1.6238839507665683,26,0.0
2,300,1.6238839507665683,26,0.0
2,301,1.6238839507665683,26,0.0
2,302,0.9405143057429768,26,0.0
2,303,1.6238839507665683,26,0.0
2,304,1.6238839507665683,26,0.0
2,305,1.6238839507665683,26,0.0
2,306,1.6238839507665683,26,0.0
2,307,1.6238839507665683,26,0.0
2,308,1.6238839507665683,26,0.0
2,309,1.6238839507665683,26,0.0
2,310,1.6238839507665683,26,0.0
2,311,1.6238839507665683,26,0.0
2,312,0.9405143057429768,26,0.0
2,313,1.6238839507665683,26,0.0
2,314,0.9405143057429768,26,0.0
2,315,1.6238839507665683,26,0.0
2,316,1.6238839507665683,26,0.0
2,317,1.6238839507665683,26,0.0
2,318,1.6238839507665683,26,0.0
2,319,1.6238839507665683,26,0.0
2,320,1.6238839507665683,26,0.0
2,321,1.6238839507665683,26,0.0
2,322,1.6238839507665683,26,0.0
2,323,1.6238839507665683,26,0.0
2,324,1.6238839507665683,26,0.0
2,325,1.6238839507665683,26,0.0
2,326,1.6238839507665683,26,0.0
2,327,1.6238839507665683,26,0.0
2,328,1.6238839507665683,26,0.0
2,329,0.9405143057429768,26,0.0
2,330,1.6238839507665683,26,0.0
2,331,1.6238839507665683,26,0.0
2,332,1.6238839507665683,26,0.0
2,333,1.6238839507665683,26,0.0
2,334,1.6238839507665683,26,0.0
2,335,1.6238839507665683,26,0.0
2,336,1.6238839507665683,26,0.0
2,337,1.6238839507665683,26,0.0
2,338,1.6238839507665683,26,0.0
2,339,1.6238839507665683,26,0.0
2,340,1.6238839507665683,26,0.0
2,341,1.6238839507665683,26,0.0
2,342,1.6238839507665683,26,0.0
2,343,1.6238839507665683,26,0.0
2,344,1.6238839507665683,26,0.0
2,345,0.9405143057429768,26,0.0
2,346,1.6238839507665683,26,0.0
2,347,1.6238839507665683,26,0.0
2,348,1.6238839507665683,26,0.0
2,349,1.6238839507665683,26,0.0
2,350,1.6238839507665683,26,0.0
2,351,0.9405143057429768,26,0.0
2,352,1.6238839507665683,26,0.0
2,353,1.6238839507665683,26,0.0
2,354,1.6238839507665683,26,0.0
2,355,0.9405143057429768,26,0.0
2,356,1.6238839507665683,26,0.0
2,357,1.6238839507665683,26,0.0
2,358,1.6238839507665683,26,0.0
2,359,1.6238839507665683,26,0.0
2,360,1.6238839507665683,26,0.0
2,361,1.6238839507665683,26,0.0
2,362,1.6238839507665683,26,0.0
2,363,1.6238839507665683,26,0.0
2,364,1.6238839507665683,26,0.0
2,365,1.6238839507665683,26,0.0
2,366,1.6238839507665683,26,0.0
2,367,1.6238839507665683,26,0.0
2,368,1.6238839507665683,26,0.0
2,369,0.9405143057429768,26,0.0
2,370,1.5226351663417093,27,0.0
2,371,1.5226351663417093,27,0.0
2,372,1.5226351663417093,27,0.0
2,373,0.8665077706698853,27,0.0
2,374,1.5226351663417093,27,0.0
2,375,0.8665077706698853,27,0.0
2,376,0.8724325428005689,28,0.000997304916381836
2,377,0.8724325428005689,28,0.000997304916381836
2,378,1.5240875861305523,28,0.000997304916381836
2,379,1.5240875861305523,28,0.000997304916381836
2,380,0.8724325428005689,28,0.000997304916381836
2,381,1.5229350702441777,29,0.0
2,382,1.5229350702441777,29,0.0
2,383,1.5229350702441777,29,0.0
2,384,1.5357457888619308,30,0.0
2,385,1.5357457888619308,30,0.0
2,386,1.5357457888619308,30,0.0
2,387,1.5357457888619308,30,0.0
2,388,1.5357457888619308,30,0.0
2,389,1.5357457888619308,30,0.0
2,390,1.5357457888619308,30,0.0
2,391,1.5357457888619308,30,0.0
2,392,1.5357457888619308,30,0.0
2,393,1.5357457888619308,30,0.0
2,394,1.5357457888619308,30,0.0
2,395,1.5188181051964769,31,0.0
2,396,1.5188181051964769,31,0.0
2,397,1.5188181051964769,31,0.0
2,398,1.5188181051964769,31,0.0
2,399,1.5188181051964769,31,0.0
2,400,1.5233185690511726,32,0.0
2,401,1.5233185690511726,32,0.0
2,402,1.5233185690511726,32,0.0
2,403,1.5233185690511726,32,0.0
2,404,1.5186661091829394,33,0.0
2,405,1.5186661091829394,33,0.0
2,406,1.5186661091829394,33,0.0
2,407,1.5186661091829394,33,0.0
2,408,1.5203776752106664,34,0.0
2,409,0.8707053441982693,34,0.0
2,410,0.8707053441982693,34,0.0
2,411,1.528730926881786,35,0.0
2,412,1.528730926881786,35,0.0
2,413,0.8793241437265708,35,0.0
2,414,0.8793241437265708,35,0.0
2,415,1.528730926881786,35,0.0
2,416,0.8793241437265708,35,0.0
2,417,0.8793241437265708,35,0.0
2,418,0.8580090309672799,36,0.0
2,419,1.5174242130872606,36,0.0
2,420,0.8745899403062272,37,0.0
2,421,1.535407730620395,37,0.0
2,422,1.535407730620395,37,0.0
2,423,1.535407730620395,37,0.0
2,424,1.535407730620395,37,0.0
2,425,1.535407730620395,37,0.0
2,426,1.535407730620395,37,0.0
2,427,1.535407730620395,37,0.0
2,428,1.535407730620395,37,0.0
2,429,1.5212416844601144,38,0.0
2,430,0.8643938432878269,38,0.0
2,431,1.5212416844601144,38,0.0
2,432,0.8643938432878269,38,0.0
2,433,1.5220217279628083,39,0.0
2,434,0.8665777515845363,39,0.0
2,435,1.5220217279628083,39,0.0
2,436,1.5220217279628083,39,0.0
2,437,1.5220217279628083,39,0.0
2,438,1.5176234358497924,40,0.0
2,439,1.5176234358497924,40,0.0
2,440,1.5176234358497924,40,0.0
2,441,0.8668074842311732,40,0.0
2,442,1.5218210872950229,41,0.0
2,443,0.8647920450732439,41,0.0
2,444,1.5218210872950229,41,0.0
2,445,1.5218210872950229,41,0.0
2,446,1.5218210872950229,41,0.0
2,447,1.5218210872950229,41,0.0
2,448,1.5218210872950229,41,0.0
2,449,1.5218210872950229,41,0.0
2,450,1.5266445011113858,42,0.0
2,451,1.5266445011113858,42,0.0
2,452,1.5266445011113858,42,0.0
2,453,1.5266445011113858,42,0.0
2,454,1.5266445011113858,42,0.0
2,455,1.5266445011113858,42,0.0
2,456,1.5266445011113858,42,0.0
2,457,0.8839012015853241,42,0.0
2,458,1.5266445011113858,42,0.0
2,459,0.8839012015853241,42,0.0
2,460,0.8839012015853241,42,0.0
2,461,0.8839012015853241,42,0.0
2,462,1.5266445011113858,42,0.0
2,463,1.5195629167752358,43,0.0
2,464,0.8925281158652597,44,0.0
2,465,1.5184924205027748,44,0.0
2,466,0.8925281158652597,44,0.0
2,467,0.8925281158652597,44,0.0
2,468,0.8925281158652597,44,0.0
2,469,1.5184924205027748,44,0.0
2,470,1.5184924205027748,44,0.0
2,471,0.8925281158652597,44,0.0
2,472,1.5184924205027748,44,0.0
2,473,1.5252475545658106,45,0.0009975433349609375
2,474,0.8796999963458126,45,0.0009975433349609375
2,475,1.5252475545658106,45,0.0009975433349609375
2,476,1.5252475545658106,45,0.0009975433349609375
2,477,1.5252475545658106,45,0.0009975433349609375
2,478,1.5252475545658106,45,0.0009975433349609375
2,479,1.5252475545658106,45,0.0009975433349609375
2,480,1.524822469239838,46,0.0
2,481,1.524822469239838,46,0.0
2,482,1.524822469239838,46,0.0
2,483,1.524822469239838,46,0.0
2,484,1.524822469239838,46,0.0
2,485,0.8777141921022559,47,0.0
2,486,1.5195624124463778,47,0.0
2,487,1.5311082088397574,48,0.0
2,488,1.5311082088397574,48,0.0
2,489,1.5311082088397574,48,0.0
2,490,1.5311082088397574,48,0.0
2,491,1.5311082088397574,48,0.0
2,492,0.8710501082457297,48,0.0
2,493,1.5311082088397574,48,0.0
2,494,1.5311082088397574,48,0.0
2,495,1.5311082088397574,48,0.0
2,496,1.5236854605428207,49,0.0
2,497,1.5236854605428207,49,0.0
2,498,1.5236854605428207,49,0.0
2,499,1.5236854605428207,49,0.0
2,500,1.5236854605428207,49,0.0
2,501,1.5236854605428207,49,0.0
2,502,1.5236854605428207,49,0.0
2,503,0.8818617777546629,49,0.0
2,504,1.5236854605428207,49,0.0
2,505,0.8818617777546629,49,0.0
2,506,1.5236854605428207,49,0.0
2,507,1.5236854605428207,49,0.0
2,508,1.5236854605428207,49,0.0
2,509,1.5177545895513946,50,0.0
2,510,1.5179231225262402,51,0.0
2,511,1.5179231225262402,51,0.0
2,512,1.5179231225262402,51,0.0
2,513,1.5179231225262402,51,0.0
2,514,1.5193701327217721,52,0.0
2,515,1.5193701327217721,52,0.0
2,516,1.5193701327217721,52,0.0
2,517,1.5215191676407605,53,0.0
2,518,1.5215191676407605,53,0.0
2,519,0.8715746500279157,53,0.0
2,520,1.5412062520429641,54,0.0
2,521,1.5412062520429641,54,0.0
2,522,1.5412062520429641,54,0.0
2,523,1.5412062520429641,54,0.0
2,524,1.5412062520429641,54,0.0
2,525,1.5412062520429641,54,0.0
2,526,1.5412062520429641,54,0.0
2,527,1.5412062520429641,54,0.0
2,528,1.5412062520429641,54,0.0
2,529,1.5412062520429641,54,0.0
2,530,1.5412062520429641,54,0.0
2,531,1.5412062520429641,54,0.0
2,532,0.8940572020482821,54,0.0
2,533,1.5412062520429641,54,0.0
2,534,1.5412062520429641,54,0.0
2,535,1.5412062520429641,54,0.0
2,536,1.5412062520429641,54,0.0
2,537,1.5412062520429641,54,0.0
2,538,1.5412062520429641,54,0.0
2,539,0.8940572020482821,54,0.0
2,540,1.5412062520429641,54,0.0
2,541,1.5412062520429641,54,0.0
2,542,0.8940572020482821,54,0.0
2,543,1.524985290803064,55,0.0
2,544,0.8657480005750253,55,0.0
2,545,0.8657480005750253,55,0.0
2,546,1.524985290803064,55,0.0
2,547,0.8657480005750253,55,0.0
2,548,1.524985290803064,55,0.0
2,549,1.524985290803064,55,0.0
2,550,1.524985290803064,55,0.0
2,551,0.8776406229397571,56,0.0009970664978027344
2,552,1.5200983999972035,56,0.0009970664978027344
2,553,0.8776406229397571,56,0.0009970664978027344
2,554,1.5283091691360038,57,0.0
2,555,1.5283091691360038,57,0.0
2,556,1.5283091691360038,57,0.0
2,557,0.8748241061777821,57,0.0
2,558,1.5283091691360038,57,0.0
2,559,1.5283091691360038,57,0.0
2,560,1.5204374945917511,58,0.0
2,561,1.5204374945917511,58,0.0
2,562,1.5204374945917511,58,0.0
2,563,0.8656384045683251,58,0.0
2,564,1.5204230870268662,59,0.0009975433349609375
2,565,0.8723890522179644,59,0.0009975433349609375
2,566,0.8723890522179644,59,0.0009975433349609375
2,567,1.5204230870268662,59,0.0009975433349609375
2,568,1.5209211840182935,60,0.0
2,569,1.5209211840182935,60,0.0
2,570,1.560942465193391,61,0.0
2,571,1.560942465193391,61,0.0
2,572,1.560942465193391,61,0.0
2,573,1.560942465193391,61,0.0
2,574,1.560942465193391,61,0.0
2,575,1.560942465193391,61,0.0
2,576,1.560942465193391,61,0.0
2,577,1.560942465193391,61,0.0
2,578,1.560942465193391,61,0.0
2,579,1.560942465193391,61,0.0
2,580,0.8753421470692456,61,0.0
2,581,0.8753421470692456,61,0.0
2,582,1.560942465193391,61,0.0
2,583,1.560942465193391,61,0.0
2,584,1.560942465193391,61,0.0
2,585,1.560942465193391,61,0.0
2,586,1.560942465193391,61,0.0
2,587,1.560942465193391,61,0.0
2,588,1.560942465193391,61,0.0
2,589,0.8753421470692456,61,0.0
2,590,1.560942465193391,61,0.0
2,591,1.560942465193391,61,0.0
2,592,1.560942465193391,61,0.0
2,593,1.560942465193391,61,0.0
2,594,1.560942465193391,61,0.0
2,595,1.560942465193391,61,0.0
2,596,1.560942465193391,61,0.0
2,597,1.560942465193391,61,0.0
2,598,1.560942465193391,61,0.0
2,599,1.560942465193391,61,0.0
2,600,1.560942465193391,61,0.0
2,601,1.560942465193391,61,0.0
2,602,1.5212371827260847,62,0.0009975433349609375
2,603,1.5212371827260847,62,0.0009975433349609375
2,604,1.5212371827260847,62,0.0009975433349609375
2,605,1.5212371827260847,62,0.0009975433349609375
2,606,0.8555110425039998,62,0.0009975433349609375
2,607,1.5215062315533499,63,0.0
2,608,1.5215062315533499,63,0.0
2,609,0.8634119962551894,63,0.0
2,610,1.5229894206636851,64,0.0
2,611,1.5229894206636851,64,0.0
2,612,1.5229894206636851,64,0.0
2,613,1.5229894206636851,64,0.0
2,614,1.5229894206636851,64,0.0
2,615,0.8730853312692468,64,0.0
2,616,1.5229894206636851,64,0.0
2,617,1.5229894206636851,64,0.0
2,618,1.5229894206636851,64,0.0
2,619,1.5229894206636851,64,0.0
2,620,1.5229894206636851,64,0.0
2,621,1.520495792876179,65,0.0
2,622,1.520495792876179,65,0.0
2,623,0.865914128809532,66,0.0
2,624,0.865914128809532,66,0.0
2,625,1.5298616140863226,66,0.0
2,626,0.865914128809532,66,0.0
2,627,0.865914128809532,66,0.0
2,628,1.5298616140863226,66,0.0
2,629,0.865914128809532,66,0.0
2,630,1.5298616140863226,66,0.0
2,631,1.5298616140863226,66,0.0
2,632,1.5298616140863226,66,0.0
2,633,1.5298616140863226,66,0.0
2,634,0.865914128809532,66,0.0
2,635,0.865914128809532,66,0.0
2,636,0.865914128809532,66,0.0
2,637,1.6893284827188395,67,0.0
2,638,0.9728189853959277,67,0.0
2,639,1.6893284827188395,67,0.0
2,640,1.6893284827188395,67,0.0
2,641,1.6893284827188395,67,0.0
2,642,1.6893284827188395,67,0.0
2,643,1.6893284827188395,67,0.0
2,644,1.6893284827188395,67,0.0
2,645,1.6893284827188395,67,0.0
2,646,1.6893284827188395,67,0.0
2,647,1.6893284827188395,67,0.0
2,648,1.6893284827188395,67,0.0
2,649,1.6893284827188395,67,0.0
2,650,1.6893284827188395,67,0.0
2,651,0.9728189853959277,67,0.0
2,652,0.9728189853959277,67,0.0
2,653,1.6893284827188395,67,0.0
2,654,0.9728189853959277,67,0.0
2,655,1.6893284827188395,67,0.0
2,656,1.6893284827188395,67,0.0
2,657,1.6893284827188395,67,0.0
2,658,1.6893284827188395,67,0.0
2,659,1.6893284827188395,67,0.0
2,660,0.9728189853959277,67,0.0
2,661,1.6893284827188395,67,0.0
2,662,1.6893284827188395,67,0.0
2,663,1.6893284827188395,67,0.0
2,664,0.9728189853959277,67,0.0
2,665,1.6893284827188395,67,0.0
2,666,1.6893284827188395,67,0.0
2,667,1.6893284827188395,67,0.0
2,668,1.6893284827188395,67,0.0
2,669,1.6893284827188395,67,0.0
2,670,0.9728189853959277,67,0.0
2,671,1.6893284827188395,67,0.0
2,672,1.6893284827188395,67,0.0
2,673,1.6893284827188395,67,0.0
2,674,0.9728189853959277,67,0.0
2,675,1.6893284827188395,67,0.0
2,676,1.6893284827188395,67,0.0
2,677,1.6893284827188395,67,0.0
2,678,0.9728189853959277,67,0.0
2,679,1.6893284827188395,67,0.0
2,680,1.6893284827188395,67,0.0
2,681,0.9728189853959277,67,0.0
2,682,1.6893284827188395,67,0.0
2,683,1.6893284827188395,67,0.0
2,684,1.6893284827188395,67,0.0
2,685,1.6893284827188395,67,0.0
2,686,1.6893284827188395,67,0.0
2,687,1.6893284827188395,67,0.0
2,688,1.6893284827188395,67,0.0
2,689,1.6893284827188395,67,0.0
2,690,1.6893284827188395,67,0.0
2,691,1.6893284827188395,67,0.0
2,692,1.6893284827188395,67,0.0
2,693,1.6893284827188395,67,0.0
2,694,1.6893284827188395,67,0.0
2,695,1.6893284827188395,67,0.0
2,696,1.6893284827188395,67,0.0
2,697,1.6893284827188395,67,0.0
2,698,1.6893284827188395,67,0.0
2,699,1.6893284827188395,67,0.0
2,700,1.6893284827188395,67,0.0
2,701,1.6893284827188395,67,0.0
2,702,1.6893284827188395,67,0.0
2,703,0.9728189853959277,67,0.0
2,704,1.6893284827188395,67,0.0
2,705,1.6893284827188395,67,0.0
2,706,1.6893284827188395,67,0.0
2,707,1.6893284827188395,67,0.0
2,708,1.6893284827188395,67,0.0
2,709,1.6893284827188395,67,0.0
2,710,1.6893284827188395,67,0.0
2,711,1.6893284827188395,67,0.0
2,712,1.6893284827188395,67,0.0
2,713,1.6893284827188395,67,0.0
2,714,1.6893284827188395,67,0.0
2,715,1.6893284827188395,67,0.0
2,716,1.6893284827188395,67,0.0
2,717,1.6893284827188395,67,0.0
2,718,1.6893284827188395,67,0.0
2,719,1.6893284827188395,67,0.0
2,720,1.6893284827188395,67,0.0
2,721,1.6893284827188395,67,0.0
2,722,1.6893284827188395,67,0.0
2,723,0.9728189853959277,67,0.0
2,724,1.6893284827188395,67,0.0
2,725,1.6893284827188395,67,0.0
2,726,1.6893284827188395,67,0.0
2,727,0.9728189853959277,67,0.0
2,728,1.6893284827188395,67,0.0
2,729,1.6893284827188395,67,0.0
2,730,1.6893284827188395,67,0.0
2,731,1.6893284827188395,67,0.0
2,732,0.9728189853959277,67,0.0
2,733,1.6893284827188395,67,0.0
2,734,1.6893284827188395,67,0.0
2,735,1.6893284827188395,67,0.0
2,736,0.9728189853959277,67,0.0
2,737,0.9728189853959277,67,0.0
2,738,1.6893284827188395,67,0.0
2,739,1.6893284827188395,67,0.0
2,740,1.6893284827188395,67,0.0
2,741,1.6893284827188395,67,0.0
2,742,1.6893284827188395,67,0.0
2,743,1.6893284827188395,67,0.0
2,744,1.6893284827188395,67,0.0
2,745,1.6893284827188395,67,0.0
2,746,1.6893284827188395,67,0.0
2,747,1.6893284827188395,67,0.0
2,748,1.6893284827188395,67,0.0
2,749,1.6893284827188395,67,0.0
2,750,1.6893284827188395,67,0.0
2,751,1.6893284827188395,67,0.0
2,752,1.6893284827188395,67,0.0
2,753,0.8518439011782104,68,0.0
2,754,0.8518439011782104,68,0.0
2,755,1.5264622451146168,68,0.0
2,756,1.5264622451146168,68,0.0
2,757,1.5264622451146168,68,0.0
2,758,0.8518439011782104,68,0.0
2,759,1.5264622451146168,68,0.0
2,760,1.5264622451146168,68,0.0
2,761,0.8518439011782104,68,0.0
2,762,1.5264622451146168,68,0.0
2,763,1.5264622451146168,68,0.0
2,764,1.5264622451146168,68,0.0
2,765,1.5264622451146168,68,0.0
2,766,1.5299915308317835,69,0.0
2,767,1.5299915308317835,69,0.0
2,768,1.5299915308317835,69,0.0
2,769,1.5299915308317835,69,0.0
2,770,1.5299915308317835,69,0.0
2,771,1.5299915308317835,69,0.0
2,772,1.5299915308317835,69,0.0
2,773,1.5299915308317835,69,0.0
2,774,1.523355203846776,70,0.0
2,775,1.523355203846776,70,0.0
2,776,1.523355203846776,70,0.0
2,777,1.523355203846776,70,0.0
2,778,1.5392998893193062,71,0.0
2,779,1.5392998893193062,71,0.0
2,780,1.5392998893193062,71,0.0
2,781,1.5392998893193062,71,0.0
2,782,1.5392998893193062,71,0.0
2,783,1.5392998893193062,71,0.0
2,784,1.5392998893193062,71,0.0
2,785,0.8879267461281881,71,0.0
2,786,1.5392998893193062,71,0.0
2,787,1.5392998893193062,71,0.0
2,788,1.5392998893193062,71,0.0
2,789,1.5392998893193062,71,0.0
2,790,0.8879267461281881,71,0.0
2,791,1.5392998893193062,71,0.0
2,792,0.8879267461281881,71,0.0
2,793,1.5392998893193062,71,0.0
2,794,1.5392998893193062,71,0.0
2,795,1.5392998893193062,71,0.0
2,796,1.5392998893193062,71,0.0
2,797,1.5392998893193062,71,0.0
2,798,1.5392998893193062,71,0.0
2,799,1.5392998893193062,71,0.0
2,800,1.5392998893193062,71,0.0
2,801,0.8879267461281881,71,0.0
2,802,1.5392998893193062,71,0.0
2,803,1.5261182083858371,72,0.0
2,804,1.5261182083858371,72,0.0
2,805,1.5261182083858371,72,0.0
2,806,1.5261182083858371,72,0.0
2,807,1.5261182083858371,72,0.0
2,808,1.5261182083858371,72,0.0
2,809,1.5261182083858371,72,0.0
2,810,1.5261182083858371,72,0.0
2,811,1.5261182083858371,72,0.0
2,812,1.5261182083858371,72,0.0
2,813,1.519462516680053,73,0.0
2,814,1.519462516680053,73,0.0
2,815,1.5246003234224064,74,0.0
2,816,1.5246003234224064,74,0.0
2,817,1.5246003234224064,74,0.0
2,818,1.5246003234224064,74,0.0
2,819,1.5212928345905317,75,0.0
2,820,1.5212928345905317,75,0.0
2,821,0.8631630770356988,75,0.0
2,822,0.8681714163454652,76,0.0
2,823,1.519251168931213,76,0.0
2,824,1.519251168931213,76,0.0
2,825,1.519251168931213,76,0.0
2,826,1.5204093426469083,77,0.0
2,827,1.5204093426469083,77,0.0
2,828,1.5204093426469083,77,0.0
2,829,0.8757429817341169,77,0.0
2,830,1.5204093426469083,77,0.0
2,831,1.5204093426469083,77,0.0
2,832,1.5204093426469083,77,0.0
2,833,1.5233353467064148,78,0.0
2,834,0.8755182443426068,78,0.0
2,835,0.8755182443426068,78,0.0
2,836,1.5233353467064148,78,0.0
2,837,1.5233353467064148,78,0.0
2,838,1.5237939806852563,79,0.0
2,839,1.5237939806852563,79,0.0
2,840,1.5237939806852563,79,0.0
2,841,0.8748318069851891,79,0.0
2,842,1.5637328045988128,80,0.0
2,843,1.5637328045988128,80,0.0
2,844,1.5637328045988128,80,0.0
2,845,1.5637328045988128,80,0.0
2,846,1.5637328045988128,80,0.0
2,847,1.5637328045988128,80,0.0
2,848,1.5637328045988128,80,0.0
2,849,1.5637328045988128,80,0.0
2,850,1.5637328045988128,80,0.0
2,851,1.5637328045988128,80,0.0
2,852,0.906300424929761,80,0.0
2,853,1.5637328045988128,80,0.0
2,854,1.5637328045988128,80,0.0
2,855,0.906300424929761,80,0.0
2,856,1.5637328045988128,80,0.0
2,857,1.5637328045988128,80,0.0
2,858,1.5637328045988128,80,0.0
2,859,1.5637328045988128,80,0.0
2,860,0.906300424929761,80,0.0
2,861,1.5637328045988128,80,0.0
2,862,0.906300424929761,80,0.0
2,863,1.5637328045988128,80,0.0
2,864,1.5637328045988128,80,0.0
2,865,1.5637328045988128,80,0.0
2,866,1.5637328045988128,80,0.0
2,867,1.5637328045988128,80,0.0
2,868,1.5637328045988128,80,0.0
2,869,1.5637328045988128,80,0.0
2,870,1.5637328045988128,80,0.0
2,871,0.906300424929761,80,0.0
2,872,1.5637328045988128,80,0.0
2,873,1.5637328045988128,80,0.0
2,874,1.5637328045988128,80,0.0
2,875,1.5637328045988128,80,0.0
2,876,1.5637328045988128,80,0.0
2,877,1.5637328045988128,80,0.0
2,878,1.5637328045988128,80,0.0
2,879,1.5637328045988128,80,0.0
2,880,1.5637328045988128,80,0.0
2,881,1.5637328045988128,80,0.0
2,882,1.5637328045988128,80,0.0
2,883,1.5637328045988128,80,0.0
2,884,1.5637328045988128,80,0.0
2,885,1.5637328045988128,80,0.0
2,886,1.5637328045988128,80,0.0
2,887,1.5637328045988128,80,0.0
2,888,1.518526156907339,81,0.0009975433349609375
2,889,0.8533967360777045,81,0.0009975433349609375
2,890,0.8533967360777045,81,0.0009975433349609375
2,891,1.5182382794607445,82,0.0
2,892,1.5232350439472229,83,0.0
2,893,1.5232350439472229,83,0.0
2,894,1.5232350439472229,83,0.0
2,895,1.5232350439472229,83,0.0
2,896,1.5232350439472229,83,0.0
2,897,0.8916548226846543,83,0.0
2,898,0.8916548226846543,83,0.0
2,899,1.5232350439472229,83,0.0
2,900,1.5232350439472229,83,0.0
2,901,1.5232350439472229,83,0.0
2,902,1.5232350439472229,83,0.0
2,903,1.5232350439472229,83,0.0
2,904,0.8916548226846543,83,0.0
2,905,1.5274326859012353,84,0.000997304916381836
2,906,1.5274326859012353,84,0.000997304916381836
2,907,1.5274326859012353,84,0.000997304916381836
2,908,1.5274326859012353,84,0.000997304916381836
2,909,1.5274326859012353,84,0.000997304916381836
2,910,1.5274326859012353,84,0.000997304916381836
2,911,1.5274326859012353,84,0.000997304916381836
2,912,0.8745624370522872,84,0.000997304916381836
2,913,1.5274326859012353,84,0.000997304916381836
2,914,1.5274326859012353,84,0.000997304916381836
2,915,1.5274326859012353,84,0.000997304916381836
2,916,1.5274326859012353,84,0.000997304916381836
2,917,1.5274326859012353,84,0.000997304916381836
2,918,1.5211400802697594,85,0.0
2,919,1.5211400802697594,85,0.0
3,1,0.13143935058766965,1,0.016954421997070312
3,2,0.8768266438340634,1,0.016954421997070312
3,3,0.8768266438340634,1,0.016954421997070312
3,4,0.8768266438340634,1,0.016954421997070312
3,5,0.6539077728267433,2,0.0
3,6,0.6539077728267433,2,0.0
3,7,0.6539077728267433,2,0.0
3,8,0.6539077728267433,2,0.0
3,9,0.6539077728267433,2,0.0
3,10,0.6539077728267433,2,0.0
3,11,0.6539077728267433,2,0.0
3,12,0.6539077728267433,2,0.0
3,13,0.6539077728267433,2,0.0
3,14,0.6539077728267433,2,0.0
3,15,0.6539077728267433,2,0.0
3,16,0.6539077728267433,2,0.0
3,17,0.6539077728267433,2,0.0
3,18,0.6539077728267433,2,0.0
3,19,0.6539077728267433,2,0.0
3,20,0.6539077728267433,2,0.0
3,21,0.6539077728267433,2,0.0
3,22,0.6539077728267433,2,0.0
3,23,0.6539077728267433,2,0.0
3,24,0.6539077728267433,2,0.0
3,25,0.6539077728267433,2,0.0
3,26,0.6539077728267433,2,0.0
3,27,0.6539077728267433,2,0.0
3,28,0.6539077728267433,2,0.0
3,29,0.6539077728267433,2,0.0
3,30,0.6539077728267433,2,0.0
3,31,0.6539077728267433,2,0.0
3,32,0.6539077728267433,2,0.0
3,33,0.6539077728267433,2,0.0
3,34,0.6539077728267433,2,0.0
3,35,0.6539077728267433,2,0.0
3,36,0.6539077728267433,2,0.0
3,37,0.6539077728267433,2,0.0
3,38,0.6539077728267433,2,0.0
3,39,0.6539077728267433,2,0.0
3,40,0.6539077728267433,2,0.0
3,41,0.6539077728267433,2,0.0
3,42,0.6539077728267433,2,0.0
3,43,0.6539077728267433,2,0.0
3,44,-0.1030893845891715,2,0.0
3,45,-0.1030893845891715,2,0.0
3,46,0.6539077728267433,2,0.0
3,47,-0.1030893845891715,2,0.0
3,48,0.6539077728267433,2,0.0
3,49,0.6539077728267433,2,0.0
3,50,0.6539077728267433,2,0.0
3,51,0.6539077728267433,2,0.0
3,52,0.6539077728267433,2,0.0
3,53,0.6539077728267433,2,0.0
3,54,0.6539077728267433,2,0.0
3,55,0.6539077728267433,2,0.0
3,56,0.6539077728267433,2,0.0
3,57,0.6521690793594439,3,0.0
3,58,1.3944873916513432,3,0.0
3,59,0.6521690793594439,3,0.0
3,60,0.9509430245276943,4,0.0
3,61,0.9509430245276943,4,0.0
3,62,0.9509430245276943,4,0.0
3,63,0.19694732290143446,4,0.0
3,64,0.19694732290143446,4,0.0
3,65,0.19694732290143446,4,0.0
3,66,0.19694732290143446,4,0.0
3,67,1.3682769863157016,5,0.0
3,68,1.3682769863157016,5,0.0
3,69,0.624980086872672,5,0.0
3,70,1.3682769863157016,5,0.0
3,71,1.848173054472718,6,0.000997304916381836
3,72,1.848173054472718,6,0.000997304916381836
3,73,1.848173054472718,6,0.000997304916381836
3,74,1.7375386295754127,7,0.0
3,75,1.7375386295754127,7,0.0
3,76,1.7375386295754127,7,0.0
3,77,1.7375386295754127,7,0.0
3,78,1.7375386295754127,7,0.0
3,79,0.9781002528951477,7,0.0
3,80,1.7375386295754127,7,0.0
3,81,1.7375386295754127,7,0.0
3,82,1.7375386295754127,7,0.0
3,83,0.9781002528951477,7,0.0
3,84,1.7375386295754127,7,0.0
3,85,1.7375386295754127,7,0.0
3,86,1.7375386295754127,7,0.0
3,87,1.7375386295754127,7,0.0
3,88,1.0030651402590118,8,0.0
3,89,1.7443649296185053,8,0.0
3,90,1.0030651402590118,8,0.0
3,91,1.7443649296185053,8,0.0
3,92,1.2009927742739128,9,0.0
3,93,1.2009927742739128,9,0.0
3,94,1.2009927742739128,9,0.0
3,95,0.4454280698933789,9,0.0
3,96,1.2009927742739128,9,0.0
3,97,1.2009927742739128,9,0.0
3,98,1.2009927742739128,9,0.0
3,99,1.2009927742739128,9,0.0
3,100,1.2009927742739128,9,0.0
3,101,1.2009927742739128,9,0.0
3,102,1.5815271063307323,10,0.0
3,103,1.5815271063307323,10,0.0
3,104,0.8481589044364491,10,0.0
3,105,0.8481589044364491,10,0.0
3,106,1.5815271063307323,10,0.0
3,107,0.8481589044364491,10,0.0
3,108,0.9414697430350858,11,0.0009970664978027344
3,109,0.9414697430350858,11,0.0009970664978027344
3,110,0.9414697430350858,11,0.0009970664978027344
3,111,0.9414697430350858,11,0.0009970664978027344
3,112,0.9414697430350858,11,0.0009970664978027344
3,113,1.742936037947285,12,0.0
3,114,1.742936037947285,12,0.0
3,115,1.742936037947285,12,0.0
3,116,1.742936037947285,12,0.0
3,117,0.8278283748933192,13,0.0
3,118,0.8278283748933192,13,0.0
3,119,0.8278283748933192,13,0.0
3,120,0.8278283748933192,13,0.0
3,121,0.8278283748933192,13,0.0
3,122,0.8278283748933192,13,0.0
3,123,1.059920264609016,14,0.0
3,124,1.800100646613775,14,0.0
3,125,1.800100646613775,14,0.0
3,126,1.059920264609016,14,0.0
3,127,1.800100646613775,14,0.0
3,128,1.800100646613775,14,0.0
3,129,1.800100646613775,14,0.0
3,130,1.800100646613775,14,0.0
3,131,1.800100646613775,14,0.0
3,132,1.059920264609016,14,0.0
3,133,1.800100646613775,14,0.0
3,134,1.800100646613775,14,0.0
3,135,1.800100646613775,14,0.0
3,136,1.059920264609016,14,0.0
3,137,0.7017953541832946,15,0.0
3,138,1.4434382913343233,15,0.0
3,139,0.7017953541832946,15,0.0
3,140,1.4434382913343233,15,0.0
3,141,1.0441792930527325,16,0.0
3,142,1.0441792930527325,16,0.0
3,143,1.803920639213527,17,0.0
3,144,1.0804846134804413,17,0.0
3,145,1.0804846134804413,17,0.0
3,146,1.0804846134804413,17,0.0
3,147,0.9169505893706895,18,0.0
3,148,0.9169505893706895,18,0.0
3,149,0.1564720195548407,18,0.0
3,150,0.9169505893706895,18,0.0
3,151,0.9169505893706895,18,0.0
3,152,0.9169505893706895,18,0.0
3,153,0.9169505893706895,18,0.0
3,154,0.9169505893706895,18,0.0
3,155,0.1564720195548407,18,0.0
3,156,0.1564720195548407,18,0.0
3,157,0.9169505893706895,18,0.0
3,158,0.9169505893706895,18,0.0
3,159,1.490741863025741,19,0.000997781753540039
3,160,1.490741863025741,19,0.000997781753540039
3,161,1.490741863025741,19,0.000997781753540039
3,162,1.490741863025741,19,0.000997781753540039
3,163,1.490741863025741,19,0.000997781753540039
3,164,1.490741863025741,19,0.000997781753540039
3,165,0.7125824922801928,19,0.000997781753540039
3,166,1.490741863025741,19,0.000997781753540039
3,167,0.7125824922801928,19,0.000997781753540039
3,168,1.490741863025741,19,0.000997781753540039
3,169,1.490741863025741,19,0.000997781753540039
3,170,1.490741863025741,19,0.000997781753540039
3,171,1.490741863025741,19,0.000997781753540039
3,172,1.490741863025741,19,0.000997781753540039
3,173,1.490741863025741,19,0.000997781753540039
3,174,0.7125824922801928,19,0.000997781753540039
3,175,1.490741863025741,19,0.000997781753540039
3,176,1.490741863025741,19,0.000997781753540039
3,177,1.490741863025741,19,0.000997781753540039
3,178,1.490741863025741,19,0.000997781753540039
3,179,1.490741863025741,19,0.000997781753540039
3,180,1.490741863025741,19,0.000997781753540039
3,181,1.490741863025741,19,0.000997781753540039
3,182,1.490741863025741,19,0.000997781753540039
3,183,1.490741863025741,19,0.000997781753540039
3,184,1.490741863025741,19,0.000997781753540039
3,185,1.490741863025741,19,0.000997781753540039
3,186,1.490741863025741,19,0.000997781753540039
3,187,1.490741863025741,19,0.000997781753540039
3,188,1.490741863025741,19,0.000997781753540039
3,189,1.490741863025741,19,0.000997781753540039
3,190,1.490741863025741,19,0.000997781753540039
3,191,1.490741863025741,19,0.000997781753540039
3,192,1.490741863025741,19,0.000997781753540039
3,193,1.490741863025741,19,0.000997781753540039
3,194,1.490741863025741,19,0.000997781753540039
3,195,1.490741863025741,19,0.000997781753540039
3,196,1.490741863025741,19,0.000997781753540039
3,197,1.490741863025741,19,0.000997781753540039
3,198,1.490741863025741,19,0.000997781753540039
3,199,1.490741863025741,19,0.000997781753540039
3,200,1.490741863025741,19,0.000997781753540039
3,201,1.490741863025741,19,0.000997781753540039
3,202,1.490741863025741,19,0.000997781753540039
3,203,1.490741863025741,19,0.000997781753540039
3,204,1.490741863025741,19,0.000997781753540039
3,205,1.490741863025741,19,0.000997781753540039
3,206,1.490741863025741,19,0.000997781753540039
3,207,1.490741863025741,19,0.000997781753540039
3,208,1.490741863025741,19,0.000997781753540039
3,209,1.490741863025741,19,0.000997781753540039
3,210,1.490741863025741,19,0.000997781753540039
3,211,1.490741863025741,19,0.000997781753540039
3,212,1.490741863025741,19,0.000997781753540039
3,213,0.7125824922801928,19,0.000997781753540039
3,214,1.490741863025741,19,0.000997781753540039
3,215,1.490741863025741,19,0.000997781753540039
3,216,1.490741863025741,19,0.000997781753540039
3,217,1.490741863025741,19,0.000997781753540039
3,218,1.490741863025741,19,0.000997781753540039
3,219,1.490741863025741,19,0.000997781753540039
3,220,1.490741863025741,19,0.000997781753540039
3,221,1.490741863025741,19,0.000997781753540039
3,222,1.7334674653451194,20,0.0
3,223,1.7334674653451194,20,0.0
3,224,1.7334674653451194,20,0.0
3,225,1.6371219317731265,21,0.0
3,226,1.6371219317731265,21,0.0
3,227,1.6371219317731265,21,0.0
3,228,1.6371219317731265,21,0.0
3,229,0.8914317874428561,21,0.0
3,230,1.6371219317731265,21,0.0
3,231,1.6371219317731265,21,0.0
3,232,1.6371219317731265,21,0.0
3,233,1.6371219317731265,21,0.0
3,234,1.777429959161323,22,0.0
3,235,1.777429959161323,22,0.0
3,236,1.777429959161323,22,0.0
3,237,1.0354218982269041,22,0.0
3,238,1.777429959161323,22,0.0
3,239,1.777429959161323,22,0.0
3,240,1.1338410995962795,23,0.0
3,241,1.8724157165973518,23,0.0
3,242,1.691898513489627,24,0.0009975433349609375
3,243,1.691898513489627,24,0.0009975433349609375
3,244,1.691898513489627,24,0.0009975433349609375
3,245,1.691898513489627,24,0.0009975433349609375
3,246,1.691898513489627,24,0.0009975433349609375
3,247,1.691898513489627,24,0.0009975433349609375
3,248,1.691898513489627,24,0.0009975433349609375
3,249,0.9495758401785411,24,0.0009975433349609375
3,250,0.9495758401785411,24,0.0009975433349609375
3,251,1.670644914129602,25,0.0
3,252,0.91236119321595,25,0.0
3,253,1.670644914129602,25,0.0
3,254,0.91236119321595,25,0.0
3,255,1.670644914129602,25,0.0
3,256,1.670644914129602,25,0.0
3,257,1.670644914129602,25,0.0
3,258,1.670644914129602,25,0.0
3,259,1.670644914129602,25,0.0
3,260,1.670644914129602,25,0.0
3,261,1.670644914129602,25,0.0
3,262,1.670644914129602,25,0.0
3,263,1.670644914129602,25,0.0
3,264,1.670644914129602,25,0.0
3,265,1.4191755329198736,26,0.0
3,266,1.4191755329198736,26,0.0
3,267,0.6168403329845179,26,0.0
3,268,1.4191755329198736,26,0.0
3,269,1.4191755329198736,26,0.0
3,270,1.4191755329198736,26,0.0
3,271,1.4191755329198736,26,0.0
3,272,1.4191755329198736,26,0.0
3,273,1.4191755329198736,26,0.0
3,274,1.4191755329198736,26,0.0
3,275,1.4191755329198736,26,0.0
3,276,1.4191755329198736,26,0.0
3,277,1.4191755329198736,26,0.0
3,278,1.4191755329198736,26,0.0
3,279,0.6168403329845179,26,0.0
3,280,1.4191755329198736,26,0.0
3,281,1.4191755329198736,26,0.0
3,282,1.4191755329198736,26,0.0
3,283,1.4191755329198736,26,0.0
3,284,1.4191755329198736,26,0.0
3,285,1.4191755329198736,26,0.0
3,286,1.4191755329198736,26,0.0
3,287,1.4191755329198736,26,0.0
3,288,1.4191755329198736,26,0.0
3,289,1.4191755329198736,26,0.0
3,290,1.4191755329198736,26,0.0
3,291,0.6168403329845179,26,0.0
3,292,1.4191755329198736,26,0.0
3,293,1.4191755329198736,26,0.0
3,294,1.4191755329198736,26,0.0
3,295,1.4191755329198736,26,0.0
3,296,1.4191755329198736,26,0.0
3,297,1.4191755329198736,26,0.0
3,298,1.4191755329198736,26,0.0
3,299,1.4191755329198736,26,0.0
3,300,1.4191755329198736,26,0.0
3,301,1.4191755329198736,26,0.0
3,302,0.6168403329845179,26,0.0
3,303,1.4191755329198736,26,0.0
3,304,1.4191755329198736,26,0.0
3,305,1.4191755329198736,26,0.0
3,306,1.4191755329198736,26,0.0
3,307,1.4191755329198736,26,0.0
3,308,1.4191755329198736,26,0.0
3,309,1.4191755329198736,26,0.0
3,310,1.4191755329198736,26,0.0
3,311,1.4191755329198736,26,0.0
3,312,0.6168403329845179,26,0.0
3,313,1.4191755329198736,26,0.0
3,314,0.6168403329845179,26,0.0
3,315,1.4191755329198736,26,0.0
3,316,1.4191755329198736,26,0.0
3,317,1.4191755329198736,26,0.0
3,318,1.4191755329198736,26,0.0
3,319,1.4191755329198736,26,0.0
3,320,1.4191755329198736,26,0.0
3,321,1.4191755329198736,26,0.0
3,322,1.4191755329198736,26,0.0
3,323,1.4191755329198736,26,0.0
3,324,1.4191755329198736,26,0.0
3,325,1.4191755329198736,26,0.0
3,326,1.4191755329198736,26,0.0
3,327,1.4191755329198736,26,0.0
3,328,1.4191755329198736,26,0.0
3,329,0.6168403329845179,26,0.0
3,330,1.4191755329198736,26,0.0
3,331,1.4191755329198736,26,0.0
3,332,1.4191755329198736,26,0.0
3,333,1.4191755329198736,26,0.0
3,334,1.4191755329198736,26,0.0
3,335,1.4191755329198736,26,0.0
3,336,1.4191755329198736,26,0.0
3,337,1.4191755329198736,26,0.0
3,338,1.4191755329198736,26,0.0
3,339,1.4191755329198736,26,0.0
3,340,1.4191755329198736,26,0.0
3,341,1.4191755329198736,26,0.0
3,342,1.4191755329198736,26,0.0
3,343,1.4191755329198736,26,0.0
3,344,1.4191755329198736,26,0.0
3,345,0.6168403329845179,26,0.0
3,346,1.4191755329198736,26,0.0
3,347,1.4191755329198736,26,0.0
3,348,1.4191755329198736,26,0.0
3,349,1.4191755329198736,26,0.0
3,350,1.4191755329198736,26,0.0
3,351,0.6168403329845179,26,0.0
3,352,1.4191755329198736,26,0.0
3,353,1.4191755329198736,26,0.0
3,354,1.4191755329198736,26,0.0
3,355,0.6168403329845179,26,0.0
3,356,1.4191755329198736,26,0.0
3,357,1.4191755329198736,26,0.0
3,358,1.4191755329198736,26,0.0
3,359,1.4191755329198736,26,0.0
3,360,1.4191755329198736,26,0.0
3,361,1.4191755329198736,26,0.0
3,362,1.4191755329198736,26,0.0
3,363,1.4191755329198736,26,0.0
3,364,1.4191755329198736,26,0.0
3,365,1.4191755329198736,26,0.0
3,366,1.4191755329198736,26,0.0
3,367,1.4191755329198736,26,0.0
3,368,1.4191755329198736,26,0.0
3,369,0.6168403329845179,26,0.0
3,370,1.9555805942277862,27,0.0
3,371,1.9555805942277862,27,0.0
3,372,1.9555805942277862,27,0.0
3,373,1.2127328735798601,27,0.0
3,374,1.9555805942277862,27,0.0
3,375,1.2127328735798601,27,0.0
3,376,0.38758321255950035,28,0.0
3,377,0.38758321255950035,28,0.0
3,378,1.1357526679005474,28,0.0
3,379,1.1357526679005474,28,0.0
3,380,0.38758321255950035,28,0.0
3,381,0.81664938401286,29,0.0009975433349609375
3,382,0.81664938401286,29,0.0009975433349609375
3,383,0.81664938401286,29,0.0009975433349609375
3,384,0.8941750703381892,30,0.0
3,385,0.8941750703381892,30,0.0
3,386,0.8941750703381892,30,0.0
3,387,0.8941750703381892,30,0.0
3,388,0.8941750703381892,30,0.0
3,389,0.8941750703381892,30,0.0
3,390,0.8941750703381892,30,0.0
3,391,0.8941750703381892,30,0.0
3,392,0.8941750703381892,30,0.0
3,393,0.8941750703381892,30,0.0
3,394,0.8941750703381892,30,0.0
3,395,1.7715045974116979,31,0.0
3,396,1.7715045974116979,31,0.0
3,397,1.7715045974116979,31,0.0
3,398,1.7715045974116979,31,0.0
3,399,1.7715045974116979,31,0.0
3,400,1.4497392442056058,32,0.0
3,401,1.4497392442056058,32,0.0
3,402,1.4497392442056058,32,0.0
3,403,1.4497392442056058,32,0.0
3,404,1.5920992294538185,33,0.0
3,405,1.5920992294538185,33,0.0
3,406,1.5920992294538185,33,0.0
3,407,1.5920992294538185,33,0.0
3,408,1.488955592831374,34,0.0
3,409,0.7502263797899543,34,0.0
3,410,0.7502263797899543,34,0.0
3,411,0.6957381460542306,35,0.0
3,412,0.6957381460542306,35,0.0
3,413,-0.06358476380984468,35,0.0
3,414,-0.06358476380984468,35,0.0
3,415,0.6957381460542306,35,0.0
3,416,-0.06358476380984468,35,0.0
3,417,-0.06358476380984468,35,0.0
3,418,1.025092415027065,36,0.0
3,419,1.7706348615533094,36,0.0
3,420,0.1381964949936786,37,0.0
3,421,0.8860286177161457,37,0.0
3,422,0.8860286177161457,37,0.0
3,423,0.8860286177161457,37,0.0
3,424,0.8860286177161457,37,0.0
3,425,0.8860286177161457,37,0.0
3,426,0.8860286177161457,37,0.0
3,427,0.8860286177161457,37,0.0
3,428,0.8860286177161457,37,0.0
3,429,0.8708267965668458,38,0.0
3,430,0.11803458597602934,38,0.0
3,431,0.8708267965668458,38,0.0
3,432,0.11803458597602934,38,0.0
3,433,1.6718806043293895,39,0.0
3,434,0.9277506671579752,39,0.0
3,435,1.6718806043293895,39,0.0
3,436,1.6718806043293895,39,0.0
3,437,1.6718806043293895,39,0.0
3,438,1.8903865588372177,40,0.000997781753540039
3,439,1.8903865588372177,40,0.000997781753540039
3,440,1.8903865588372177,40,0.000997781753540039
3,441,1.1521337067675135,40,0.000997781753540039
3,442,1.8517224719539551,41,0.0
3,443,1.103832472543552,41,0.0
3,444,1.8517224719539551,41,0.0
3,445,1.8517224719539551,41,0.0
3,446,1.8517224719539551,41,0.0
3,447,1.8517224719539551,41,0.0
3,448,1.8517224719539551,41,0.0
3,449,1.8517224719539551,41,0.0
3,450,1.6287158377416961,42,0.0
3,451,1.6287158377416961,42,0.0
3,452,1.6287158377416961,42,0.0
3,453,1.6287158377416961,42,0.0
3,454,1.6287158377416961,42,0.0
3,455,1.6287158377416961,42,0.0
3,456,1.6287158377416961,42,0.0
3,457,0.8963243752936788,42,0.0
3,458,1.6287158377416961,42,0.0
3,459,0.8963243752936788,42,0.0
3,460,0.8963243752936788,42,0.0
3,461,0.8963243752936788,42,0.0
3,462,1.6287158377416961,42,0.0
3,463,1.6311697335805029,43,0.0
3,464,0.7861955597522111,44,0.0
3,465,1.5036859232548525,44,0.0
3,466,0.7861955597522111,44,0.0
3,467,0.7861955597522111,44,0.0
3,468,0.7861955597522111,44,0.0
3,469,1.5036859232548525,44,0.0
3,470,1.5036859232548525,44,0.0
3,471,0.7861955597522111,44,0.0
3,472,1.5036859232548525,44,0.0
3,473,1.6520846735953076,45,0.000997304916381836
3,474,0.9174532379177027,45,0.000997304916381836
3,475,1.6520846735953076,45,0.000997304916381836
3,476,1.6520846735953076,45,0.000997304916381836
3,477,1.6520846735953076,45,0.000997304916381836
3,478,1.6520846735953076,45,0.000997304916381836
3,479,1.6520846735953076,45,0.000997304916381836
3,480,1.520664873436852,46,0.0
3,481,1.520664873436852,46,0.0
3,482,1.520664873436852,46,0.0
3,483,1.520664873436852,46,0.0
3,484,1.520664873436852,46,0.0
3,485,0.5764563624034197,47,0.0
3,486,1.3071723544868543,47,0.0
3,487,1.4166598245327309,48,0.0
3,488,1.4166598245327309,48,0.0
3,489,1.4166598245327309,48,0.0
3,490,1.4166598245327309,48,0.0
3,491,1.4166598245327309,48,0.0
3,492,0.6668135402221362,48,0.0
3,493,1.4166598245327309,48,0.0
3,494,1.4166598245327309,48,0.0
3,495,1.4166598245327309,48,0.0
3,496,1.7325362042505321,49,0.0
3,497,1.7325362042505321,49,0.0
3,498,1.7325362042505321,49,0.0
3,499,1.7325362042505321,49,0.0
3,500,1.7325362042505321,49,0.0
3,501,1.7325362042505321,49,0.0
3,502,1.7325362042505321,49,0.0
3,503,0.9987890312763128,49,0.0
3,504,1.7325362042505321,49,0.0
3,505,0.9987890312763128,49,0.0
3,506,1.7325362042505321,49,0.0
3,507,1.7325362042505321,49,0.0
3,508,1.7325362042505321,49,0.0
3,509,1.8520581712987936,50,0.0009968280792236328
3,510,1.7154381121741507,51,0.0
3,511,1.7154381121741507,51,0.0
3,512,1.7154381121741507,51,0.0
3,513,1.7154381121741507,51,0.0
3,514,1.8605907287871368,52,0.0
3,515,1.8605907287871368,52,0.0
3,516,1.8605907287871368,52,0.0
3,517,1.7378965719622133,53,0.0
3,518,1.7378965719622133,53,0.0
3,519,1.0005634993880455,53,0.0
3,520,1.7397098523412438,54,0.0
3,521,1.7397098523412438,54,0.0
3,522,1.7397098523412438,54,0.0
3,523,1.7397098523412438,54,0.0
3,524,1.7397098523412438,54,0.0
3,525,1.7397098523412438,54,0.0
3,526,1.7397098523412438,54,0.0
3,527,1.7397098523412438,54,0.0
3,528,1.7397098523412438,54,0.0
3,529,1.7397098523412438,54,0.0
3,530,1.7397098523412438,54,0.0
3,531,1.7397098523412438,54,0.0
3,532,0.9953560031644753,54,0.0
3,533,1.7397098523412438,54,0.0
3,534,1.7397098523412438,54,0.0
3,535,1.7397098523412438,54,0.0
3,536,1.7397098523412438,54,0.0
3,537,1.7397098523412438,54,0.0
3,538,1.7397098523412438,54,0.0
3,539,0.9953560031644753,54,0.0
3,540,1.7397098523412438,54,0.0
3,541,1.7397098523412438,54,0.0
3,542,0.9953560031644753,54,0.0
3,543,1.3110759839605293,55,0.0
3,544,0.5585075906170464,55,0.0
3,545,0.5585075906170464,55,0.0
3,546,1.3110759839605293,55,0.0
3,547,0.5585075906170464,55,0.0
3,548,1.3110759839605293,55,0.0
3,549,1.3110759839605293,55,0.0
3,550,1.3110759839605293,55,0.0
3,551,0.6975410409801497,56,0.0
3,552,1.4295325760211572,56,0.0
3,553,0.6975410409801497,56,0.0
3,554,1.35355865364777,57,0.0
3,555,1.35355865364777,57,0.0
3,556,1.35355865364777,57,0.0
3,557,0.6110354146175777,57,0.0
3,558,1.35355865364777,57,0.0
3,559,1.35355865364777,57,0.0
3,560,1.928650023092243,58,0.0009975433349609375
3,561,1.928650023092243,58,0.0009975433349609375
3,562,1.928650023092243,58,0.0009975433349609375
3,563,1.1863718305853528,58,0.0009975433349609375
3,564,1.7352718318261384,59,0.0
3,565,1.0003369802780242,59,0.0
3,566,1.0003369802780242,59,0.0
3,567,1.7352718318261384,59,0.0
3,568,1.7516469902331033,60,0.0
3,569,1.7516469902331033,60,0.0
3,570,1.1141107860284758,61,0.0
3,571,1.1141107860284758,61,0.0
3,572,1.1141107860284758,61,0.0
3,573,1.1141107860284758,61,0.0
3,574,1.1141107860284758,61,0.0
3,575,1.1141107860284758,61,0.0
3,576,1.1141107860284758,61,0.0
3,577,1.1141107860284758,61,0.0
3,578,1.1141107860284758,61,0.0
3,579,1.1141107860284758,61,0.0
3,580,0.3375283202668489,61,0.0
3,581,0.3375283202668489,61,0.0
3,582,1.1141107860284758,61,0.0
3,583,1.1141107860284758,61,0.0
3,584,1.1141107860284758,61,0.0
3,585,1.1141107860284758,61,0.0
3,586,1.1141107860284758,61,0.0
3,587,1.1141107860284758,61,0.0
3,588,1.1141107860284758,61,0.0
3,589,0.3375283202668489,61,0.0
3,590,1.1141107860284758,61,0.0
3,591,1.1141107860284758,61,0.0
3,592,1.1141107860284758,61,0.0
3,593,1.1141107860284758,61,0.0
3,594,1.1141107860284758,61,0.0
3,595,1.1141107860284758,61,0.0
3,596,1.1141107860284758,61,0.0
3,597,1.1141107860284758,61,0.0
3,598,1.1141107860284758,61,0.0
3,599,1.1141107860284758,61,0.0
3,600,1.1141107860284758,61,0.0
3,601,1.1141107860284758,61,0.0
3,602,1.826331774484828,62,0.0
3,603,1.826331774484828,62,0.0
3,604,1.826331774484828,62,0.0
3,605,1.826331774484828,62,0.0
3,606,1.0725668232362746,62,0.0
3,607,1.8413685153580643,63,0.000997304916381836
3,608,1.8413685153580643,63,0.000997304916381836
3,609,1.0962615217511138,63,0.000997304916381836
3,610,1.668226256859144,64,0.0
3,611,1.668226256859144,64,0.0
3,612,1.668226256859144,64,0.0
3,613,1.668226256859144,64,0.0
3,614,1.668226256859144,64,0.0
3,615,0.9266076390573669,64,0.0
3,616,1.668226256859144,64,0.0
3,617,1.668226256859144,64,0.0
3,618,1.668226256859144,64,0.0
3,619,1.668226256859144,64,0.0
3,620,1.668226256859144,64,0.0
3,621,1.977069739730201,65,0.0
3,622,1.977069739730201,65,0.0
3,623,0.5341264258114503,66,0.0
3,624,0.5341264258114503,66,0.0
3,625,1.303060765650223,66,0.0
3,626,0.5341264258114503,66,0.0
3,627,0.5341264258114503,66,0.0
3,628,1.303060765650223,66,0.0
3,629,0.5341264258114503,66,0.0
3,630,1.303060765650223,66,0.0
3,631,1.303060765650223,66,0.0
3,632,1.303060765650223,66,0.0
3,633,1.303060765650223,66,0.0
3,634,0.5341264258114503,66,0.0
3,635,0.5341264258114503,66,0.0
3,636,0.5341264258114503,66,0.0
3,637,1.083817541667253,67,0.0
3,638,0.2502377298793314,67,0.0
3,639,1.083817541667253,67,0.0
3,640,1.083817541667253,67,0.0
3,641,1.083817541667253,67,0.0
3,642,1.083817541667253,67,0.0
3,643,1.083817541667253,67,0.0
3,644,1.083817541667253,67,0.0
3,645,1.083817541667253,67,0.0
3,646,1.083817541667253,67,0.0
3,647,1.083817541667253,67,0.0
3,648,1.083817541667253,67,0.0
3,649,1.083817541667253,67,0.0
3,650,1.083817541667253,67,0.0
3,651,0.2502377298793314,67,0.0
3,652,0.2502377298793314,67,0.0
3,653,1.083817541667253,67,0.0
3,654,0.2502377298793314,67,0.0
3,655,1.083817541667253,67,0.0
3,656,1.083817541667253,67,0.0
3,657,1.083817541667253,67,0.0
3,658,1.083817541667253,67,0.0
3,659,1.083817541667253,67,0.0
3,660,0.2502377298793314,67,0.0
3,661,1.083817541667253,67,0.0
3,662,1.083817541667253,67,0.0
3,663,1.083817541667253,67,0.0
3,664,0.2502377298793314,67,0.0
3,665,1.083817541667253,67,0.0
3,666,1.083817541667253,67,0.0
3,667,1.083817541667253,67,0.0
3,668,1.083817541667253,67,0.0
3,669,1.083817541667253,67,0.0
3,670,0.2502377298793314,67,0.0
3,671,1.083817541667253,67,0.0
3,672,1.083817541667253,67,0.0
3,673,1.083817541667253,67,0.0
3,674,0.2502377298793314,67,0.0
3,675,1.083817541667253,67,0.0
3,676,1.083817541667253,67,0.0
3,677,1.083817541667253,67,0.0
3,678,0.2502377298793314,67,0.0
3,679,1.083817541667253,67,0.0
3,680,1.083817541667253,67,0.0
3,681,0.2502377298793314,67,0.0
3,682,1.083817541667253,67,0.0
3,683,1.083817541667253,67,0.0
3,684,1.083817541667253,67,0.0
3,685,1.083817541667253,67,0.0
3,686,1.083817541667253,67,0.0
3,687,1.083817541667253,67,0.0
3,688,1.083817541667253,67,0.0
3,689,1.083817541667253,67,0.0
3,690,1.083817541667253,67,0.0
3,691,1.083817541667253,67,0.0
3,692,1.083817541667253,67,0.0
3,693,1.083817541667253,67,0.0
3,694,1.083817541667253,67,0.0
3,695,1.083817541667253,67,0.0
3,696,1.083817541667253,67,0.0
3,697,1.083817541667253,67,0.0
3,698,1.083817541667253,67,0.0
3,699,1.083817541667253,67,0.0
3,700,1.083817541667253,67,0.0
3,701,1.083817541667253,67,0.0
3,702,1.083817541667253,67,0.0
3,703,0.2502377298793314,67,0.0
3,704,1.083817541667253,67,0.0
3,705,1.083817541667253,67,0.0
3,706,1.083817541667253,67,0.0
3,707,1.083817541667253,67,0.0
3,708,1.083817541667253,67,0.0
3,709,1.083817541667253,67,0.0
3,710,1.083817541667253,67,0.0
3,711,1.083817541667253,67,0.0
3,712,1.083817541667253,67,0.0
3,713,1.083817541667253,67,0.0
3,714,1.083817541667253,67,0.0
3,715,1.083817541667253,67,0.0
3,716,1.083817541667253,67,0.0
3,717,1.083817541667253,67,0.0
3,718,1.083817541667253,67,0.0
3,719,1.083817541667253,67,0.0
3,720,1.083817541667253,67,0.0
3,721,1.083817541667253,67,0.0
3,722,1.083817541667253,67,0.0
3,723,0.2502377298793314,67,0.0
3,724,1.083817541667253,67,0.0
3,725,1.083817541667253,67,0.0
3,726,1.083817541667253,67,0.0
3,727,0.2502377298793314,67,0.0
3,728,1.083817541667253,67,0.0
3,729,1.083817541667253,67,0.0
3,730,1.083817541667253,67,0.0
3,731,1.083817541667253,67,0.0
3,732,0.2502377298793314,67,0.0
3,733,1.083817541667253,67,0.0
3,734,1.083817541667253,67,0.0
3,735,1.083817541667253,67,0.0
3,736,0.2502377298793314,67,0.0
3,737,0.2502377298793314,67,0.0
3,738,1.083817541667253,67,0.0
3,739,1.083817541667253,67,0.0
3,740,1.083817541667253,67,0.0
3,741,1.083817541667253,67,0.0
3,742,1.083817541667253,67,0.0
3,743,1.083817541667253,67,0.0
3,744,1.083817541667253,67,0.0
3,745,1.083817541667253,67,0.0
3,746,1.083817541667253,67,0.0
3,747,1.083817541667253,67,0.0
3,748,1.083817541667253,67,0.0
3,749,1.083817541667253,67,0.0
3,750,1.083817541667253,67,0.0
3,751,1.083817541667253,67,0.0
3,752,1.083817541667253,67,0.0
3,753,0.7876454678931496,68,0.0
3,754,0.7876454678931496,68,0.0
3,755,1.5536189896321368,68,0.0
3,756,1.5536189896321368,68,0.0
3,757,1.5536189896321368,68,0.0
3,758,0.7876454678931496,68,0.0
3,759,1.5536189896321368,68,0.0
3,760,1.5536189896321368,68,0.0
3,761,0.7876454678931496,68,0.0
3,762,1.5536189896321368,68,0.0
3,763,1.5536189896321368,68,0.0
3,764,1.5536189896321368,68,0.0
3,765,1.5536189896321368,68,0.0
3,766,0.8724788658925923,69,0.0
3,767,0.8724788658925923,69,0.0
3,768,0.8724788658925923,69,0.0
3,769,0.8724788658925923,69,0.0
3,770,0.8724788658925923,69,0.0
3,771,0.8724788658925923,69,0.0
3,772,0.8724788658925923,69,0.0
3,773,0.8724788658925923,69,0.0
3,774,1.7146584950805375,70,0.000997304916381836
3,775,1.7146584950805375,70,0.000997304916381836
3,776,1.7146584950805375,70,0.000997304916381836
3,777,1.7146584950805375,70,0.000997304916381836
3,778,1.609049109687004,71,0.0
3,779,1.609049109687004,71,0.0
3,780,1.609049109687004,71,0.0
3,781,1.609049109687004,71,0.0
3,782,1.609049109687004,71,0.0
3,783,1.609049109687004,71,0.0
3,784,1.609049109687004,71,0.0
3,785,0.8606885272925415,71,0.0
3,786,1.609049109687004,71,0.0
3,787,1.609049109687004,71,0.0
3,788,1.609049109687004,71,0.0
3,789,1.609049109687004,71,0.0
3,790,0.8606885272925415,71,0.0
3,791,1.609049109687004,71,0.0
3,792,0.8606885272925415,71,0.0
3,793,1.609049109687004,71,0.0
3,794,1.609049109687004,71,0.0
3,795,1.609049109687004,71,0.0
3,796,1.609049109687004,71,0.0
3,797,1.609049109687004,71,0.0
3,798,1.609049109687004,71,0.0
3,799,1.609049109687004,71,0.0
3,800,1.609049109687004,71,0.0
3,801,0.8606885272925415,71,0.0
3,802,1.609049109687004,71,0.0
3,803,1.745680672115156,72,0.0
3,804,1.745680672115156,72,0.0
3,805,1.745680672115156,72,0.0
3,806,1.745680672115156,72,0.0
3,807,1.745680672115156,72,0.0
3,808,1.745680672115156,72,0.0
3,809,1.745680672115156,72,0.0
3,810,1.745680672115156,72,0.0
3,811,1.745680672115156,72,0.0
3,812,1.745680672115156,72,0.0
3,813,1.9206490101636615,73,0.0
3,814,1.9206490101636615,73,0.0
3,815,1.7902125502298305,74,0.0
3,816,1.7902125502298305,74,0.0
3,817,1.7902125502298305,74,0.0
3,818,1.7902125502298305,74,0.0
3,819,1.4547113219136358,75,0.0009975433349609375
3,820,1.4547113219136358,75,0.0009975433349609375
3,821,0.7082087828127032,75,0.0009975433349609375
3,822,1.2044488387980885,76,0.0
3,823,1.9430072028553385,76,0.0
3,824,1.9430072028553385,76,0.0
3,825,1.9430072028553385,76,0.0
3,826,1.6287440962560873,77,0.0
3,827,1.6287440962560873,77,0.0
3,828,1.6287440962560873,77,0.0
3,829,0.8945815076080088,77,0.0
3,830,1.6287440962560873,77,0.0
3,831,1.6287440962560873,77,0.0
3,832,1.6287440962560873,77,0.0
3,833,0.884001381416177,78,0.0009968280792236328
3,834,0.14071983572346503,78,0.0009968280792236328
3,835,0.14071983572346503,78,0.0009968280792236328
3,836,0.884001381416177,78,0.0009968280792236328
3,837,0.884001381416177,78,0.0009968280792236328
3,838,1.6949145322484345,79,0.0
3,839,1.6949145322484345,79,0.0
3,840,1.6949145322484345,79,0.0
3,841,0.9584012067773513,79,0.0
3,842,1.3640166734163577,80,0.0
3,843,1.3640166734163577,80,0.0
3,844,1.3640166734163577,80,0.0
3,845,1.3640166734163577,80,0.0
3,846,1.3640166734163577,80,0.0
3,847,1.3640166734163577,80,0.0
3,848,1.3640166734163577,80,0.0
3,849,1.3640166734163577,80,0.0
3,850,1.3640166734163577,80,0.0
3,851,1.3640166734163577,80,0.0
3,852,0.6069680910681575,80,0.0
3,853,1.3640166734163577,80,0.0
3,854,1.3640166734163577,80,0.0
3,855,0.6069680910681575,80,0.0
3,856,1.3640166734163577,80,0.0
3,857,1.3640166734163577,80,0.0
3,858,1.3640166734163577,80,0.0
3,859,1.3640166734163577,80,0.0
3,860,0.6069680910681575,80,0.0
3,861,1.3640166734163577,80,0.0
3,862,0.6069680910681575,80,0.0
3,863,1.3640166734163577,80,0.0
3,864,1.3640166734163577,80,0.0
3,865,1.3640166734163577,80,0.0
3,866,1.3640166734163577,80,0.0
3,867,1.3640166734163577,80,0.0
3,868,1.3640166734163577,80,0.0
3,869,1.3640166734163577,80,0.0
3,870,1.3640166734163577,80,0.0
3,871,0.6069680910681575,80,0.0
3,872,1.3640166734163577,80,0.0
3,873,1.3640166734163577,80,0.0
3,874,1.3640166734163577,80,0.0
3,875,1.3640166734163577,80,0.0
3,876,1.3640166734163577,80,0.0
3,877,1.3640166734163577,80,0.0
3,878,1.3640166734163577,80,0.0
3,879,1.3640166734163577,80,0.0
3,880,1.3640166734163577,80,0.0
3,881,1.3640166734163577,80,0.0
3,882,1.3640166734163577,80,0.0
3,883,1.3640166734163577,80,0.0
3,884,1.3640166734163577,80,0.0
3,885,1.3640166734163577,80,0.0
3,886,1.3640166734163577,80,0.0
3,887,1.3640166734163577,80,0.0
3,888,1.6574822845031323,81,0.0
3,889,0.9056928291441386,81,0.0
3,890,0.9056928291441386,81,0.0
3,891,1.7069614272170675,82,0.0
3,892,1.9263112946829264,83,0.0
3,893,1.9263112946829264,83,0.0
3,894,1.9263112946829264,83,0.0
3,895,1.9263112946829264,83,0.0
3,896,1.9263112946829264,83,0.0
3,897,1.2045631066273015,83,0.0
3,898,1.2045631066273015,83,0.0
3,899,1.9263112946829264,83,0.0
3,900,1.9263112946829264,83,0.0
3,901,1.9263112946829264,83,0.0
3,902,1.9263112946829264,83,0.0
3,903,1.9263112946829264,83,0.0
3,904,1.2045631066273015,83,0.0
3,905,1.412473994585292,84,0.0
3,906,1.412473994585292,84,0.0
3,907,1.412473994585292,84,0.0
3,908,1.412473994585292,84,0.0
3,909,1.412473994585292,84,0.0
3,910,1.412473994585292,84,0.0
3,911,1.412473994585292,84,0.0
3,912,0.6692953577667872,84,0.0
3,913,1.412473994585292,84,0.0
3,914,1.412473994585292,84,0.0
3,915,1.412473994585292,84,0.0
3,916,1.412473994585292,84,0.0
3,917,1.412473994585292,84,0.0
3,918,1.8197634655125055,85,0.0009975433349609375
3,919,1.8197634655125055,85,0.0009975433349609375
