i,yhat,loop,loop_time
1,5.75992281625687,1,0.8289341926574707
66,6.2739441758508345,1,0.8289341926574707
121,7.9256606046795985,1,0.8289341926574707
166,10.084300754188186,1,0.8289341926574707
231,5.796314275620567,1,0.8289341926574707
266,15.134523836540767,1,0.8289341926574707
311,6.6547655110638155,1,0.8289341926574707
396,26.939583372445757,1,0.8289341926574707
411,3.031878105301478,1,0.8289341926574707
456,5.939564873004941,1,0.8289341926574707
501,4.611666051564221,1,0.8289341926574707
591,0.7555009139578306,1,0.8289341926574707
606,0.6640692714242239,1,0.8289341926574707
691,32.6114150851045,1,0.8289341926574707
711,15.527280301688931,1,0.8289341926574707
766,6.6420524319635685,1,0.8289341926574707
811,26.61900964463687,1,0.8289341926574707
886,6.484672799876898,1,0.8289341926574707
981,4.385069689020489,1,0.8289341926574707
996,4.482697917374388,1,0.8289341926574707
1006,6.2367097755396586,1,0.8289341926574707
1091,23.767062941092117,1,0.8289341926574707
1106,6.023439611410765,1,0.8289341926574707
1116,11.552976617997851,1,0.8289341926574707
1121,20.029880901469205,1,0.8289341926574707
1221,13.148389988841258,1,0.8289341926574707
1231,14.107805762088162,1,0.8289341926574707
1246,18.1121296935227,1,0.8289341926574707
1261,36.09840731320371,1,0.8289341926574707
1311,11.012360164797695,1,0.8289341926574707
1391,19.477340227950112,1,0.8289341926574707
1436,15.091898184792065,1,0.8289341926574707
1466,2.787619889576488,1,0.8289341926574707
1521,15.285603638703558,1,0.8289341926574707
1566,8.809756512657168,1,0.8289341926574707
1611,2.2028858155901725,1,0.8289341926574707
1681,6.11782439410712,1,0.8289341926574707
1726,4.843735476894904,1,0.8289341926574707
1786,3.411422191816497,1,0.8289341926574707
1821,10.705592391819836,1,0.8289341926574707
1906,13.354272734499398,1,0.8289341926574707
1921,6.036375384872303,1,0.8289341926574707
1981,5.391932190171968,1,0.8289341926574707
2026,1.8447632656712842,1,0.8289341926574707
2056,17.274162404452166,1,0.8289341926574707
2126,11.951813961244365,1,0.8289341926574707
2,3.924783776264217,2,0.9017891883850098
67,12.298517915913449,2,0.9017891883850098
122,4.359156392067513,2,0.9017891883850098
167,16.837001675949814,2,0.9017891883850098
232,7.958679011740679,2,0.9017891883850098
267,20.843154674985584,2,0.9017891883850098
312,5.1404834020189325,2,0.9017891883850098
397,3.1671941608430423,2,0.9017891883850098
412,12.23860511498208,2,0.9017891883850098
457,1.808020359592382,2,0.9017891883850098
502,7.838272825910697,2,0.9017891883850098
592,7.598734283624795,2,0.9017891883850098
607,3.3655639647666007,2,0.9017891883850098
692,15.40792814340594,2,0.9017891883850098
712,2.7112613868027173,2,0.9017891883850098
767,11.707900734539356,2,0.9017891883850098
812,39.84569086518707,2,0.9017891883850098
887,16.588292646745668,2,0.9017891883850098
982,16.15004237347179,2,0.9017891883850098
997,5.441022341610451,2,0.9017891883850098
1007,6.886322595211135,2,0.9017891883850098
1092,20.403477532665857,2,0.9017891883850098
1107,40.65666065984027,2,0.9017891883850098
1117,2.9818169378615544,2,0.9017891883850098
1122,28.23247414208407,2,0.9017891883850098
1222,16.551559943296386,2,0.9017891883850098
1232,7.126757685110235,2,0.9017891883850098
1247,3.387185354752294,2,0.9017891883850098
1262,15.283952392673086,2,0.9017891883850098
1312,13.835417870488486,2,0.9017891883850098
1392,39.6990550360095,2,0.9017891883850098
1437,3.03868182079618,2,0.9017891883850098
1467,22.645576375405977,2,0.9017891883850098
1522,31.240564519273395,2,0.9017891883850098
1567,10.979054605188503,2,0.9017891883850098
1612,19.839511566278595,2,0.9017891883850098
1682,8.073932413442671,2,0.9017891883850098
1727,1.734962546004875,2,0.9017891883850098
1787,5.681334650607387,2,0.9017891883850098
1822,11.654629586933485,2,0.9017891883850098
1907,12.553823652264475,2,0.9017891883850098
1922,29.22048533794055,2,0.9017891883850098
1982,1.1214555858911879,2,0.9017891883850098
2027,7.830264387950578,2,0.9017891883850098
2057,3.248957062155829,2,0.9017891883850098
2127,3.009909713615069,2,0.9017891883850098
3,13.939079783772767,3,0.8516340255737305
68,16.92757111817218,3,0.8516340255737305
123,4.842678979500929,3,0.8516340255737305
168,16.6706412643288,3,0.8516340255737305
233,10.100399028168507,3,0.8516340255737305
268,25.958175693484648,3,0.8516340255737305
313,20.044885358424832,3,0.8516340255737305
398,26.764621835886878,3,0.8516340255737305
413,12.285931159541931,3,0.8516340255737305
458,5.827506329702251,3,0.8516340255737305
503,20.229607593523426,3,0.8516340255737305
593,4.66682533308253,3,0.8516340255737305
608,13.899073077170145,3,0.8516340255737305
693,16.654894065399727,3,0.8516340255737305
713,3.9662085059982313,3,0.8516340255737305
768,38.2644466394816,3,0.8516340255737305
813,4.446033112810246,3,0.8516340255737305
888,11.417995712226974,3,0.8516340255737305
983,37.02099474182682,3,0.8516340255737305
998,54.538755480807794,3,0.8516340255737305
1008,27.46411113451215,3,0.8516340255737305
1093,19.000687445307936,3,0.8516340255737305
1108,54.782914016401264,3,0.8516340255737305
1118,3.3465335019288314,3,0.8516340255737305
1123,12.098303717799105,3,0.8516340255737305
1223,13.773290024557566,3,0.8516340255737305
1233,30.582196441757887,3,0.8516340255737305
1248,9.456991565624328,3,0.8516340255737305
1263,10.276157227457585,3,0.8516340255737305
1313,21.665287220970633,3,0.8516340255737305
1393,7.1030251811806,3,0.8516340255737305
1438,10.546449290199241,3,0.8516340255737305
1468,13.359858444486123,3,0.8516340255737305
1523,6.871206166858586,3,0.8516340255737305
1568,8.05962135580317,3,0.8516340255737305
1613,9.483141220497671,3,0.8516340255737305
1683,5.29626726758876,3,0.8516340255737305
1728,5.093949062312756,3,0.8516340255737305
1788,11.559116198843384,3,0.8516340255737305
1823,27.466439634821775,3,0.8516340255737305
1908,20.937893920127127,3,0.8516340255737305
1923,6.25418071057509,3,0.8516340255737305
1983,8.210431766003879,3,0.8516340255737305
2028,3.0175726776963576,3,0.8516340255737305
2058,23.723890871898885,3,0.8516340255737305
2128,59.32923505077294,3,0.8516340255737305
4,7.858245947361818,4,0.842092752456665
69,18.781486346633205,4,0.842092752456665
124,28.998782525955974,4,0.842092752456665
169,7.130832570758366,4,0.842092752456665
234,14.916894953797657,4,0.842092752456665
269,6.772245676585538,4,0.842092752456665
314,23.932768473088128,4,0.842092752456665
399,17.194585734185015,4,0.842092752456665
414,17.45168631198533,4,0.842092752456665
459,8.365047117712288,4,0.842092752456665
504,18.825392662111636,4,0.842092752456665
594,19.53317884080181,4,0.842092752456665
609,10.096823109354945,4,0.842092752456665
694,3.175755335914103,4,0.842092752456665
714,17.76364931096022,4,0.842092752456665
769,15.177500074751668,4,0.842092752456665
814,14.600897887578304,4,0.842092752456665
889,16.275604227814984,4,0.842092752456665
984,13.865572407264116,4,0.842092752456665
999,19.392821731613942,4,0.842092752456665
1009,32.11564720281672,4,0.842092752456665
1094,10.682543274575403,4,0.842092752456665
1109,17.46778724718222,4,0.842092752456665
1119,1.810564273133819,4,0.842092752456665
1124,24.008919777184243,4,0.842092752456665
1224,23.3748053778029,4,0.842092752456665
1234,16.163603501301782,4,0.842092752456665
1249,6.150813541182414,4,0.842092752456665
1264,12.282352256519019,4,0.842092752456665
1314,15.783103981483638,4,0.842092752456665
1394,15.589771828167917,4,0.842092752456665
1439,22.799964373774664,4,0.842092752456665
1469,4.5569947805442705,4,0.842092752456665
1524,11.220701107606223,4,0.842092752456665
1569,10.208227771937095,4,0.842092752456665
1614,50.52331619272634,4,0.842092752456665
1684,4.474995278727447,4,0.842092752456665
1729,1.1949429669987983,4,0.842092752456665
1789,1.3415587337530557,4,0.842092752456665
1824,14.089969384203402,4,0.842092752456665
1909,36.727116105452744,4,0.842092752456665
1924,0.19582083032148845,4,0.842092752456665
1984,12.210186803436875,4,0.842092752456665
2029,5.215664037601561,4,0.842092752456665
2059,8.338555181646106,4,0.842092752456665
2129,15.26126694452342,4,0.842092752456665
5,0.07216170401888294,5,0.8081462383270264
70,1.0220621027825774,5,0.8081462383270264
125,0.10218319098513011,5,0.8081462383270264
170,0.8511285223333864,5,0.8081462383270264
235,0.4943998495938144,5,0.8081462383270264
270,0.7628859815321889,5,0.8081462383270264
315,0.2937502723091869,5,0.8081462383270264
400,0.008771462213773196,5,0.8081462383270264
415,0.32921900843577956,5,0.8081462383270264
460,2.045001836428301,5,0.8081462383270264
505,0.03977716676778067,5,0.8081462383270264
595,1.0638056155645434,5,0.8081462383270264
610,0.0018096020739870062,5,0.8081462383270264
695,39.76766790019523,5,0.8081462383270264
715,0.11229943774023252,5,0.8081462383270264
770,6.434958117645751,5,0.8081462383270264
815,7.1475755041641715,5,0.8081462383270264
890,0.0732656193575461,5,0.8081462383270264
985,1.0194019713652887,5,0.8081462383270264
1000,3.8759736332596186,5,0.8081462383270264
1010,1.2943977915441212,5,0.8081462383270264
1095,0.3011062958541119,5,0.8081462383270264
1110,0.21541936991151284,5,0.8081462383270264
1120,0.031552780428288685,5,0.8081462383270264
1125,7.616988096382461,5,0.8081462383270264
1225,0.3468112112042474,5,0.8081462383270264
1235,0.7546582405460168,5,0.8081462383270264
1250,0.41054122172727603,5,0.8081462383270264
1265,1.1241610600462884,5,0.8081462383270264
1315,0.8333364937596364,5,0.8081462383270264
1395,1.0363425227363952,5,0.8081462383270264
1440,0.8266448592820759,5,0.8081462383270264
1470,0.08395345771911783,5,0.8081462383270264
1525,0.4544942560028644,5,0.8081462383270264
1570,0.7783144761149601,5,0.8081462383270264
1615,1.332574631984719,5,0.8081462383270264
1685,4.888936973611586,5,0.8081462383270264
1730,0.27967977867383,5,0.8081462383270264
1790,1.3635444968261234,5,0.8081462383270264
1825,0.25239075513649156,5,0.8081462383270264
1910,1.6173011534149022,5,0.8081462383270264
1925,0.6471024344854601,5,0.8081462383270264
1985,0.10460906493933987,5,0.8081462383270264
2030,0.05237412018908436,5,0.8081462383270264
2060,0.23314939672765617,5,0.8081462383270264
2130,0.6259129813776633,5,0.8081462383270264
6,1.1735404902045365,6,0.8060221672058105
91,1.2465368380553914,6,0.8060221672058105
116,5.993122918963317,6,0.8060221672058105
141,2.1318457678641094,6,0.8060221672058105
216,8.52414698521467,6,0.8060221672058105
281,2.179858784871369,6,0.8060221672058105
301,1.2190513545951664,6,0.8060221672058105
356,7.6635246318986185,6,0.8060221672058105
446,1.628661311845517,6,0.8060221672058105
481,7.073385483760056,6,0.8060221672058105
511,8.872108790515131,6,0.8060221672058105
541,2.1948647273868764,6,0.8060221672058105
621,0.31524703178796926,6,0.8060221672058105
686,0.3266994845425127,6,0.8060221672058105
721,5.571827131183729,6,0.8060221672058105
756,12.862975314461943,6,0.8060221672058105
826,0.40152714909165,6,0.8060221672058105
881,13.60892583064345,6,0.8060221672058105
1286,1.3097395046808564,6,0.8060221672058105
1331,5.964932834891609,6,0.8060221672058105
1371,1.3542679127826238,6,0.8060221672058105
1416,1.1336356698824395,6,0.8060221672058105
1461,2.891234952724758,6,0.8060221672058105
1496,10.134686123322181,6,0.8060221672058105
1601,3.714683049706224,6,0.8060221672058105
1626,9.839292249100815,6,0.8060221672058105
1691,14.309569167611961,6,0.8060221672058105
1731,1.0394884334963566,6,0.8060221672058105
1761,9.511717486536204,6,0.8060221672058105
1816,0.8699249901765487,6,0.8060221672058105
1861,1.2931339933505186,6,0.8060221672058105
1926,3.1370998266920673,6,0.8060221672058105
1951,7.682353743609931,6,0.8060221672058105
1996,4.9933376398705684,6,0.8060221672058105
2096,1.7798844935800324,6,0.8060221672058105
2131,1.1935322071882513,6,0.8060221672058105
7,1.0307695325302657,7,0.8659458160400391
92,0.47431980330749934,7,0.8659458160400391
117,3.157067236226675,7,0.8659458160400391
142,1.7221868628158992,7,0.8659458160400391
217,0.829827444973647,7,0.8659458160400391
282,3.0221066427457477,7,0.8659458160400391
8,1.3549047217980756,8,0.8092541694641113
93,15.279118855990108,8,0.8092541694641113
118,22.170288332390285,8,0.8092541694641113
143,13.448862273283831,8,0.8092541694641113
218,5.162670458128117,8,0.8092541694641113
283,1.1045721975340559,8,0.8092541694641113
303,23.020751860712494,8,0.8092541694641113
358,10.673507739493164,8,0.8092541694641113
448,5.724353809424978,8,0.8092541694641113
483,17.83828705657148,8,0.8092541694641113
513,27.22109019187036,8,0.8092541694641113
543,6.540667897816252,8,0.8092541694641113
623,14.743947625258933,8,0.8092541694641113
688,3.4024076234956198,8,0.8092541694641113
723,0.877165868483182,8,0.8092541694641113
758,14.127454630703557,8,0.8092541694641113
828,6.370188136629712,8,0.8092541694641113
883,3.2074348684178324,8,0.8092541694641113
1288,8.996873892959188,8,0.8092541694641113
1333,15.310782950651559,8,0.8092541694641113
1373,10.245504260531664,8,0.8092541694641113
1418,0.49886147437864814,8,0.8092541694641113
1463,7.957784472415373,8,0.8092541694641113
1498,3.200013373772275,8,0.8092541694641113
1603,3.8623788231661713,8,0.8092541694641113
1628,18.509267965784097,8,0.8092541694641113
1693,19.04248687350065,8,0.8092541694641113
1733,20.64067905168352,8,0.8092541694641113
1763,45.19302763604214,8,0.8092541694641113
1818,17.964783995611196,8,0.8092541694641113
1863,2.7829302230293385,8,0.8092541694641113
1928,7.351133526344131,8,0.8092541694641113
1953,25.530824928778028,8,0.8092541694641113
1998,23.821917540122143,8,0.8092541694641113
2098,64.92399433137628,8,0.8092541694641113
2133,4.638267052814604,8,0.8092541694641113
9,0.614140383658374,9,0.8153610229492188
94,5.01932253433766,9,0.8153610229492188
119,4.43415589882844,9,0.8153610229492188
144,12.993380655744282,9,0.8153610229492188
219,2.2773859760351587,9,0.8153610229492188
284,1.5459503060158197,9,0.8153610229492188
304,3.6384707741558855,9,0.8153610229492188
359,6.358110012633754,9,0.8153610229492188
449,4.2285392452876565,9,0.8153610229492188
484,32.04082742759286,9,0.8153610229492188
689,5.51061099154975,9,0.8153610229492188
724,4.2370575423048145,9,0.8153610229492188
759,4.374281293588007,9,0.8153610229492188
829,3.6193918708873136,9,0.8153610229492188
884,11.476428249595399,9,0.8153610229492188
1284,1.1519982557078652,9,0.8153610229492188
1329,18.766897977799008,9,0.8153610229492188
1369,84.85488325640596,9,0.8153610229492188
1384,6.767967821440313,9,0.8153610229492188
1484,32.42058105206082,9,0.8153610229492188
1519,14.424367578107633,9,0.8153610229492188
1574,11.020581900461032,9,0.8153610229492188
1634,18.22021509608731,9,0.8153610229492188
1689,2.8957871357955245,9,0.8153610229492188
1714,33.41306986885451,9,0.8153610229492188
1754,19.22739425625641,9,0.8153610229492188
1799,1.4448408587490218,9,0.8153610229492188
1884,3.954392527349109,9,0.8153610229492188
1939,46.73413957311305,9,0.8153610229492188
1969,37.41518680636997,9,0.8153610229492188
2024,44.23335460534448,9,0.8153610229492188
2064,7.854586400632276,9,0.8153610229492188
2139,3.321066099480683,9,0.8153610229492188
10,0.028659453680877807,10,0.8049371242523193
95,0.10464266810181447,10,0.8049371242523193
120,0.17654297429168278,10,0.8049371242523193
145,0.20937635477753982,10,0.8049371242523193
220,0.027854276393418993,10,0.8049371242523193
285,0.4104083012681939,10,0.8049371242523193
305,0.20613763367632024,10,0.8049371242523193
360,0.5110115957035838,10,0.8049371242523193
450,0.06741875898745484,10,0.8049371242523193
485,0.3774770955680313,10,0.8049371242523193
515,0.408757952389162,10,0.8049371242523193
545,3.1388219868451004,10,0.8049371242523193
625,0.15047149460488418,10,0.8049371242523193
690,0.10224309503954711,10,0.8049371242523193
725,0.0214104726178419,10,0.8049371242523193
760,0.2148034553694961,10,0.8049371242523193
830,0.27023423259505885,10,0.8049371242523193
885,0.5201079703848649,10,0.8049371242523193
1290,2.8201747211026054,10,0.8049371242523193
1335,0.14402506320896832,10,0.8049371242523193
1375,6.259484287352656,10,0.8049371242523193
1420,0.13242809613733839,10,0.8049371242523193
1465,0.07863825962067778,10,0.8049371242523193
1500,1.0346197770642749,10,0.8049371242523193
1605,0.16878973903741426,10,0.8049371242523193
1630,0.4166044080679763,10,0.8049371242523193
1695,0.09459576724083119,10,0.8049371242523193
1735,0.5482875099183019,10,0.8049371242523193
1765,1.98751670140493,10,0.8049371242523193
1820,0.9646913109659982,10,0.8049371242523193
1865,0.06063442784903872,10,0.8049371242523193
1930,8.392877984592655,10,0.8049371242523193
1955,0.2631954362758392,10,0.8049371242523193
2000,0.12365095654199344,10,0.8049371242523193
2100,1.0023626244274333,10,0.8049371242523193
2135,0.13497636999028761,10,0.8049371242523193
11,0.6001341926521877,11,0.8080620765686035
76,1.7136826246046428,11,0.8080620765686035
101,25.69405329326065,11,0.8080620765686035
196,1.5054121310276647,11,0.8080620765686035
206,5.251621115054061,11,0.8080620765686035
291,5.973216754189771,11,0.8080620765686035
321,2.5390503034340264,11,0.8080620765686035
351,0.9340196471015243,11,0.8080620765686035
416,3.6729985099084757,11,0.8080620765686035
476,6.637267288532216,11,0.8080620765686035
561,4.905445189609629,11,0.8080620765686035
586,5.880624973108972,11,0.8080620765686035
626,0.6335835419980542,11,0.8080620765686035
671,1.7331720837708977,11,0.8080620765686035
736,3.263633313091338,11,0.8080620765686035
761,23.037047186763864,11,0.8080620765686035
831,1.0280083587498121,11,0.8080620765686035
896,5.078778393950365,11,0.8080620765686035
1276,1.0005763753375587,11,0.8080620765686035
1346,7.241236171343819,11,0.8080620765686035
1351,6.443187765270802,11,0.8080620765686035
1406,2.30958525710844,11,0.8080620765686035
1456,11.31897776120819,11,0.8080620765686035
1471,5.42830849222848,11,0.8080620765686035
1561,0.21688901641918504,11,0.8080620765686035
1636,4.1635877057469095,11,0.8080620765686035
1771,1.5475298813473264,11,0.8080620765686035
1831,7.050756527765271,11,0.8080620765686035
1876,2.6900765855315867,11,0.8080620765686035
1931,7.449111410575504,11,0.8080620765686035
1991,9.51516402800832,11,0.8080620765686035
2016,4.183620322641741,11,0.8080620765686035
2101,8.508562260622828,11,0.8080620765686035
2121,1.4084394565591665,11,0.8080620765686035
2151,2.752087240022449,11,0.8080620765686035
12,3.4539499699713767,12,0.7994399070739746
77,1.050531436723318,12,0.7994399070739746
102,1.1766702025180695,12,0.7994399070739746
197,4.325073422326916,12,0.7994399070739746
207,1.7052105013125045,12,0.7994399070739746
292,2.156855003556829,12,0.7994399070739746
322,1.4292602055595274,12,0.7994399070739746
352,0.5218620559002279,12,0.7994399070739746
417,2.397643161241414,12,0.7994399070739746
477,0.6602829494678266,12,0.7994399070739746
562,1.4178079285326928,12,0.7994399070739746
587,0.9407638527523906,12,0.7994399070739746
627,1.0696332102552115,12,0.7994399070739746
672,0.6649694708601571,12,0.7994399070739746
737,8.227611979437787,12,0.7994399070739746
762,6.976341635781234,12,0.7994399070739746
832,5.175685424206805,12,0.7994399070739746
897,3.243027691415074,12,0.7994399070739746
1277,0.16848067476081408,12,0.7994399070739746
1347,1.0043336409583392,12,0.7994399070739746
1352,1.3132336519757444,12,0.7994399070739746
1407,2.6201497064859476,12,0.7994399070739746
1457,0.7171553678785484,12,0.7994399070739746
1472,1.72966655717045,12,0.7994399070739746
1562,0.25258730665231666,12,0.7994399070739746
1637,2.490085974123697,12,0.7994399070739746
1697,0.5713620791313101,12,0.7994399070739746
1742,6.3669719858249625,12,0.7994399070739746
1772,2.9330323363165207,12,0.7994399070739746
1832,6.476807146774507,12,0.7994399070739746
1877,3.3005970945809295,12,0.7994399070739746
1932,10.583875109715333,12,0.7994399070739746
1992,2.2359704950236186,12,0.7994399070739746
2017,6.707855412758809,12,0.7994399070739746
13,3.571438303269255,13,0.8358509540557861
78,4.20911392398949,13,0.8358509540557861
103,3.078848112941475,13,0.8358509540557861
198,0.2573352012411736,13,0.8358509540557861
208,27.14157383984955,13,0.8358509540557861
293,1.733667603040608,13,0.8358509540557861
323,2.5732600998467126,13,0.8358509540557861
353,0.9698954771369647,13,0.8358509540557861
14,3.2331293011288134,14,0.963076114654541
79,0.8118665815863775,14,0.963076114654541
104,2.059412643182412,14,0.963076114654541
199,7.623378215290652,14,0.963076114654541
209,48.33575544387956,14,0.963076114654541
294,6.650497007667334,14,0.963076114654541
324,9.135755483299913,14,0.963076114654541
354,0.3213794589365905,14,0.963076114654541
419,0.7789462719906355,14,0.963076114654541
479,3.798814852551726,14,0.963076114654541
564,4.70209479076544,14,0.963076114654541
589,14.046033881557047,14,0.963076114654541
739,7.856306834959229,14,0.963076114654541
764,7.003732288350595,14,0.963076114654541
834,2.5747507886398835,14,0.963076114654541
899,7.8766416398598285,14,0.963076114654541
1279,1.5189845889292093,14,0.963076114654541
1349,20.561888395050556,14,0.963076114654541
1354,12.01361334162424,14,0.963076114654541
1409,14.267061784363204,14,0.963076114654541
1459,16.156363760361423,14,0.963076114654541
1474,37.16012778888582,14,0.963076114654541
1564,1.010444995282332,14,0.963076114654541
1639,8.71520667053375,14,0.963076114654541
1699,14.885845647556266,14,0.963076114654541
1744,19.869624961507135,14,0.963076114654541
1774,5.9677889543257905,14,0.963076114654541
1834,4.191217571607748,14,0.963076114654541
1879,5.433701794781454,14,0.963076114654541
1934,2.406895572198773,14,0.963076114654541
1994,25.19780000268008,14,0.963076114654541
2019,1.3239785217872115,14,0.963076114654541
2104,7.428150952121373,14,0.963076114654541
2124,1.2391550853379678,14,0.963076114654541
2154,6.925375697994615,14,0.963076114654541
15,0.026801561876403618,15,0.8202660083770752
80,0.157154540856068,15,0.8202660083770752
105,0.007571133136251112,15,0.8202660083770752
200,0.04950202689624997,15,0.8202660083770752
210,1.9558367085764279,15,0.8202660083770752
295,0.0913474319397968,15,0.8202660083770752
325,0.9595243572883502,15,0.8202660083770752
355,0.03700233613390596,15,0.8202660083770752
420,0.20795865343113726,15,0.8202660083770752
480,0.4898026869918796,15,0.8202660083770752
565,0.12450817254293335,15,0.8202660083770752
590,0.2836545009186118,15,0.8202660083770752
630,0.25820908218194644,15,0.8202660083770752
675,0.12436871522854225,15,0.8202660083770752
740,0.2530500185127425,15,0.8202660083770752
765,0.09358019260472011,15,0.8202660083770752
835,0.015623194241860998,15,0.8202660083770752
900,0.4037038790549631,15,0.8202660083770752
1280,0.04180995910024824,15,0.8202660083770752
1350,0.6245037710276304,15,0.8202660083770752
1355,2.1225260792957927,15,0.8202660083770752
1410,0.7762255956653493,15,0.8202660083770752
1460,0.18423177096923626,15,0.8202660083770752
1475,0.6830520628149331,15,0.8202660083770752
1565,0.4625718254604764,15,0.8202660083770752
1640,0.15030836481305077,15,0.8202660083770752
1700,0.10385137015472047,15,0.8202660083770752
1745,1.8597513323406105,15,0.8202660083770752
1775,0.2953679209580156,15,0.8202660083770752
1835,0.1364165122866653,15,0.8202660083770752
1880,0.12660916189200916,15,0.8202660083770752
1935,0.3171726932027496,15,0.8202660083770752
1995,0.06005961812740084,15,0.8202660083770752
2020,0.2218348659884134,15,0.8202660083770752
2105,0.10352945105558961,15,0.8202660083770752
2125,0.07138548784239208,15,0.8202660083770752
2155,0.16101980318569248,15,0.8202660083770752
16,0.6124800235768674,16,0.8755290508270264
41,3.6590755163929707,16,0.8755290508270264
111,7.5990668754636115,16,0.8755290508270264
186,1.5194755352957563,16,0.8755290508270264
226,3.2352018135810607,16,0.8755290508270264
261,1.2691739378391693,16,0.8755290508270264
336,1.7810255090970077,16,0.8755290508270264
341,3.937859196944711,16,0.8755290508270264
421,12.472557165276836,16,0.8755290508270264
486,0.6231571690076769,16,0.8755290508270264
551,1.0612772633836514,16,0.8755290508270264
596,0.6781044622538733,16,0.8755290508270264
611,6.298686855458153,16,0.8755290508270264
666,0.44328933750579075,16,0.8755290508270264
731,13.47914808853824,16,0.8755290508270264
796,2.973280785866206,16,0.8755290508270264
846,1.1397335114360054,16,0.8755290508270264
861,1.444565446281977,16,0.8755290508270264
901,5.391556594353618,16,0.8755290508270264
926,1.683963744590137,16,0.8755290508270264
1766,1.2194489081606101,16,0.8755290508270264
1781,14.999074559826774,16,0.8755290508270264
1851,8.097187727954369,16,0.8755290508270264
1916,3.590679690861082,16,0.8755290508270264
1961,3.247075791106564,16,0.8755290508270264
2031,3.839743522208043,16,0.8755290508270264
2081,7.853263465545543,16,0.8755290508270264
2111,4.87747242216878,16,0.8755290508270264
17,0.8178262030747787,17,0.8294830322265625
42,0.6511823953737993,17,0.8294830322265625
112,0.590484919437148,17,0.8294830322265625
187,0.8185466820864971,17,0.8294830322265625
227,0.18964213561550003,17,0.8294830322265625
262,0.27077359017803426,17,0.8294830322265625
337,10.65677532692239,17,0.8294830322265625
342,0.26539004542869676,17,0.8294830322265625
422,2.3203766231778524,17,0.8294830322265625
487,0.13558442771456167,17,0.8294830322265625
552,0.0687043265620951,17,0.8294830322265625
597,0.19430199242550206,17,0.8294830322265625
18,10.099865258979435,18,0.9663529396057129
43,19.06780459314909,18,0.9663529396057129
113,11.459406710113527,18,0.9663529396057129
188,1.471598798351054,18,0.9663529396057129
228,1.4894815360297557,18,0.9663529396057129
263,4.841796380770869,18,0.9663529396057129
338,1.3918002406517496,18,0.9663529396057129
343,5.757902606464765,18,0.9663529396057129
423,20.347644305731716,18,0.9663529396057129
488,6.032592323457127,18,0.9663529396057129
553,7.015084129093732,18,0.9663529396057129
598,0.38316709346387506,18,0.9663529396057129
613,5.610168335965515,18,0.9663529396057129
668,2.2155487688032975,18,0.9663529396057129
733,20.63460014089521,18,0.9663529396057129
798,0.7693479879032536,18,0.9663529396057129
848,11.90748788716357,18,0.9663529396057129
863,8.025925000583833,18,0.9663529396057129
903,23.664088142376734,18,0.9663529396057129
928,8.892715074159996,18,0.9663529396057129
1308,6.775433345282928,18,0.9663529396057129
1323,2.410537090209057,18,0.9663529396057129
1403,3.296613084216344,18,0.9663529396057129
1428,2.177419406018965,18,0.9663529396057129
1493,0.27514172649647506,18,0.9663529396057129
1548,12.36486443594443,18,0.9663529396057129
19,4.855990329238694,19,0.8155038356781006
44,6.946049263066706,19,0.8155038356781006
114,13.527644147048896,19,0.8155038356781006
189,3.787086329109978,19,0.8155038356781006
229,3.0425116820731084,19,0.8155038356781006
264,0.4626053048166437,19,0.8155038356781006
339,17.358652219110716,19,0.8155038356781006
344,0.8265447032260366,19,0.8155038356781006
424,5.31734419857439,19,0.8155038356781006
489,2.775374407512003,19,0.8155038356781006
554,15.86927431432973,19,0.8155038356781006
599,0.9087578049374211,19,0.8155038356781006
614,3.6778102767895153,19,0.8155038356781006
669,1.769803114542441,19,0.8155038356781006
734,17.97351582544231,19,0.8155038356781006
799,1.212415000945996,19,0.8155038356781006
849,21.123011012577223,19,0.8155038356781006
864,3.1097409944733103,19,0.8155038356781006
904,7.401023464604294,19,0.8155038356781006
929,3.7169417956161848,19,0.8155038356781006
1309,6.5648933057814105,19,0.8155038356781006
1324,3.2928182797782504,19,0.8155038356781006
1404,6.104688728887467,19,0.8155038356781006
1429,2.66317291146989,19,0.8155038356781006
1494,11.144280304635762,19,0.8155038356781006
1549,1.229235300574,19,0.8155038356781006
1584,4.628988910203445,19,0.8155038356781006
1619,13.783713666691785,19,0.8155038356781006
1659,4.7154746964436836,19,0.8155038356781006
1704,11.38749994579865,19,0.8155038356781006
1779,3.089221850687846,19,0.8155038356781006
1849,0.2595112950450479,19,0.8155038356781006
1889,0.3659566484636714,19,0.8155038356781006
1914,5.423046562770944,19,0.8155038356781006
1959,2.3599462590929043,19,0.8155038356781006
2004,22.18980322476974,19,0.8155038356781006
2054,9.21577726280949,19,0.8155038356781006
2079,15.075363117980437,19,0.8155038356781006
2159,5.0378525263544605,19,0.8155038356781006
20,0.1110007859496029,20,0.8664209842681885
45,0.1780589223675212,20,0.8664209842681885
115,0.2034271937825287,20,0.8664209842681885
190,0.07806215310303556,20,0.8664209842681885
230,0.06528820301718495,20,0.8664209842681885
265,0.012959483067006158,20,0.8664209842681885
340,0.06341545810055665,20,0.8664209842681885
345,0.004388130838144751,20,0.8664209842681885
425,0.14719519883084167,20,0.8664209842681885
490,0.032220306838450924,20,0.8664209842681885
555,0.06344549635666703,20,0.8664209842681885
600,0.006097218445267914,20,0.8664209842681885
615,0.08408383782868115,20,0.8664209842681885
670,0.030680943111539193,20,0.8664209842681885
735,0.055632615993328444,20,0.8664209842681885
800,0.08319870374716369,20,0.8664209842681885
850,0.4544694737893957,20,0.8664209842681885
865,0.06093678120971389,20,0.8664209842681885
905,0.23481516095265942,20,0.8664209842681885
930,0.01309075073411412,20,0.8664209842681885
1310,0.0018158134336470665,20,0.8664209842681885
1325,0.006678803046070927,20,0.8664209842681885
1405,0.44513675789931845,20,0.8664209842681885
1430,0.10062084557842323,20,0.8664209842681885
1495,0.03719735567933403,20,0.8664209842681885
1550,0.06427682950811199,20,0.8664209842681885
1585,0.0798143410255697,20,0.8664209842681885
1620,0.524151254831767,20,0.8664209842681885
1660,0.10744974887679173,20,0.8664209842681885
1705,0.10485235777936439,20,0.8664209842681885
1780,0.8605376741506116,20,0.8664209842681885
1850,0.0007832677817695053,20,0.8664209842681885
1890,0.010297473744981593,20,0.8664209842681885
1915,4.739327864018183,20,0.8664209842681885
1960,0.011741082313666435,20,0.8664209842681885
2005,0.5428526822468066,20,0.8664209842681885
2055,0.44562294650042245,20,0.8664209842681885
2080,0.40337285212059604,20,0.8664209842681885
2160,4.955880010029955,20,0.8664209842681885
21,22.554677001020153,21,0.8694069385528564
86,4.02904252475163,21,0.8694069385528564
106,1.3919062117050558,21,0.8694069385528564
161,2.9016437315160166,21,0.8694069385528564
211,26.775387226626066,21,0.8694069385528564
246,10.143674116508558,21,0.8694069385528564
331,3.9677965320634976,21,0.8694069385528564
386,1.517656436386538,21,0.8694069385528564
401,3.4498478867550437,21,0.8694069385528564
466,9.070433860573482,21,0.8694069385528564
531,11.921448302037081,21,0.8694069385528564
546,2.8758977021520704,21,0.8694069385528564
616,5.12164622933869,21,0.8694069385528564
641,12.863312546262403,21,0.8694069385528564
716,0.20128924183681396,21,0.8694069385528564
781,19.71634273412534,21,0.8694069385528564
806,5.28300918622506,21,0.8694069385528564
891,7.33038625278912,21,0.8694069385528564
911,10.61491297392116,21,0.8694069385528564
936,2.8693043481859104,21,0.8694069385528564
986,4.648243120120219,21,0.8694069385528564
991,0.3384727618381968,21,0.8694069385528564
1001,3.3125373704087435,21,0.8694069385528564
1041,1.473643810664324,21,0.8694069385528564
1051,2.5108426812324534,21,0.8694069385528564
1066,2.6602111997834217,21,0.8694069385528564
1071,0.47552391258263454,21,0.8694069385528564
1081,8.974566547089653,21,0.8694069385528564
1251,3.2491986621156372,21,0.8694069385528564
1316,1.7288920191479484,21,0.8694069385528564
1376,3.5344419191680574,21,0.8694069385528564
1441,8.26923240460777,21,0.8694069385528564
1476,1.6506727658795468,21,0.8694069385528564
1511,12.892047536009335,21,0.8694069385528564
1551,4.53986546546165,21,0.8694069385528564
1586,7.834737787453335,21,0.8694069385528564
1666,15.135241563536523,21,0.8694069385528564
1721,17.768896599379207,21,0.8694069385528564
1756,5.259367031602459,21,0.8694069385528564
1811,7.969816339099424,21,0.8694069385528564
1871,5.3080056922804975,21,0.8694069385528564
1946,1.472543980037901,21,0.8694069385528564
1971,3.288628544067639,21,0.8694069385528564
2041,18.45980784172111,21,0.8694069385528564
2071,3.6053563179310917,21,0.8694069385528564
2116,29.71199879121282,21,0.8694069385528564
22,2.0652933109644995,22,0.8081691265106201
87,0.5845373887112095,22,0.8081691265106201
107,1.4922421292259964,22,0.8081691265106201
162,0.6972467203222785,22,0.8081691265106201
212,3.0015760926805584,22,0.8081691265106201
247,1.5294905360808644,22,0.8081691265106201
332,9.52162720867279,22,0.8081691265106201
387,0.18559669605328746,22,0.8081691265106201
402,2.2218509189290123,22,0.8081691265106201
467,6.165982188697968,22,0.8081691265106201
532,35.8525766949156,22,0.8081691265106201
547,0.6962992350598536,22,0.8081691265106201
617,3.235591606009534,22,0.8081691265106201
642,1.7187665735190785,22,0.8081691265106201
717,1.4830650400195444,22,0.8081691265106201
782,3.3007187270030176,22,0.8081691265106201
807,4.335771063366915,22,0.8081691265106201
892,3.619276737937171,22,0.8081691265106201
912,7.247602405358397,22,0.8081691265106201
937,2.909279781240412,22,0.8081691265106201
987,1.022612069864772,22,0.8081691265106201
992,0.5309442016322744,22,0.8081691265106201
1002,1.520652753766998,22,0.8081691265106201
1042,0.7287148842285022,22,0.8081691265106201
1052,1.9478952041749122,22,0.8081691265106201
1067,2.9259985459455073,22,0.8081691265106201
1072,0.8220964983877196,22,0.8081691265106201
1082,4.125874900514039,22,0.8081691265106201
1252,2.6065799058053414,22,0.8081691265106201
1317,2.791188170117882,22,0.8081691265106201
1377,2.060329261796186,22,0.8081691265106201
1442,3.17811011173133,22,0.8081691265106201
1477,0.8323641513268426,22,0.8081691265106201
1512,5.184711060970879,22,0.8081691265106201
23,8.865254669096448,23,0.8009109497070312
88,5.772040718847592,23,0.8009109497070312
108,13.886968700771495,23,0.8009109497070312
163,6.663191216226158,23,0.8009109497070312
213,6.051033257138197,23,0.8009109497070312
248,11.303693107989456,23,0.8009109497070312
333,23.512808717571634,23,0.8009109497070312
388,2.9071331002739917,23,0.8009109497070312
403,7.797049245901157,23,0.8009109497070312
468,14.337756902954432,23,0.8009109497070312
533,22.39879924002454,23,0.8009109497070312
548,2.1556225786722,23,0.8009109497070312
618,10.418703765835142,23,0.8009109497070312
643,21.522376364545085,23,0.8009109497070312
718,7.546139786165679,23,0.8009109497070312
783,29.581475111098623,23,0.8009109497070312
808,31.419071450920434,23,0.8009109497070312
893,7.5673164099484564,23,0.8009109497070312
913,39.13118748277283,23,0.8009109497070312
938,9.299956716076212,23,0.8009109497070312
988,3.497878514490757,23,0.8009109497070312
993,3.153557132416113,23,0.8009109497070312
1003,7.607838543680567,23,0.8009109497070312
1043,7.636401645794474,23,0.8009109497070312
1053,90.80034656649323,23,0.8009109497070312
1068,32.97825488665581,23,0.8009109497070312
1073,3.048970309286969,23,0.8009109497070312
1083,18.605243432262217,23,0.8009109497070312
1253,4.816916133036591,23,0.8009109497070312
1318,3.7464398187441543,23,0.8009109497070312
1378,7.1571092911910945,23,0.8009109497070312
1443,30.7909656340856,23,0.8009109497070312
1478,31.08892867299321,23,0.8009109497070312
1513,80.31351927215272,23,0.8009109497070312
1553,4.5392984967946015,23,0.8009109497070312
1588,21.47524776895504,23,0.8009109497070312
1668,16.426995159089085,23,0.8009109497070312
1723,20.029242527353933,23,0.8009109497070312
1758,12.773828141137098,23,0.8009109497070312
1813,10.943940190825188,23,0.8009109497070312
1873,52.999265616473174,23,0.8009109497070312
1948,9.631400689718987,23,0.8009109497070312
1973,3.5052370365871837,23,0.8009109497070312
2043,50.84493334945774,23,0.8009109497070312
2073,9.738499614904887,23,0.8009109497070312
2118,23.782472978818245,23,0.8009109497070312
24,10.887465876247171,24,0.7807106971740723
89,4.616215151419969,24,0.7807106971740723
109,13.099219508315617,24,0.7807106971740723
164,6.139642610276969,24,0.7807106971740723
214,12.609872513816715,24,0.7807106971740723
249,3.8303947504985474,24,0.7807106971740723
334,5.793227212086849,24,0.7807106971740723
389,1.0862486954713964,24,0.7807106971740723
404,6.439845514782745,24,0.7807106971740723
469,9.052431804263303,24,0.7807106971740723
534,20.907501925492515,24,0.7807106971740723
549,1.9956214738223368,24,0.7807106971740723
619,23.148651300579154,24,0.7807106971740723
644,7.159643284342111,24,0.7807106971740723
719,3.3713950927437506,24,0.7807106971740723
784,25.643302033228437,24,0.7807106971740723
809,29.34965254338021,24,0.7807106971740723
894,48.71900251207519,24,0.7807106971740723
914,12.34507910251613,24,0.7807106971740723
939,0.7842323016914712,24,0.7807106971740723
989,1.7711446219160363,24,0.7807106971740723
994,2.3222116892569145,24,0.7807106971740723
1004,2.6068169059589184,24,0.7807106971740723
1044,5.440745447606505,24,0.7807106971740723
1054,6.707672512220534,24,0.7807106971740723
1069,29.969615236863838,24,0.7807106971740723
1074,3.5993444286403373,24,0.7807106971740723
1084,47.255104962890385,24,0.7807106971740723
1254,23.341179242126067,24,0.7807106971740723
1319,2.638625693014163,24,0.7807106971740723
1379,2.3539369801918544,24,0.7807106971740723
1444,7.845785301903826,24,0.7807106971740723
1479,11.567888734108644,24,0.7807106971740723
1514,14.574121671070639,24,0.7807106971740723
1554,4.51263296539087,24,0.7807106971740723
1589,34.31367667300845,24,0.7807106971740723
1669,19.895596973095376,24,0.7807106971740723
1724,3.052325344348603,24,0.7807106971740723
1759,3.401310466979591,24,0.7807106971740723
1814,2.8662327778003935,24,0.7807106971740723
1874,8.841727735276686,24,0.7807106971740723
1949,0.5371637381034581,24,0.7807106971740723
1974,10.854808392869218,24,0.7807106971740723
2044,47.681597304246125,24,0.7807106971740723
2074,43.77895953061142,24,0.7807106971740723
2119,8.083133215051392,24,0.7807106971740723
25,0.018817897947723417,25,0.8154098987579346
90,0.25250938215672375,25,0.8154098987579346
110,0.6907641366884829,25,0.8154098987579346
165,0.009395423302935597,25,0.8154098987579346
215,0.1216868799812988,25,0.8154098987579346
250,0.08045826302844929,25,0.8154098987579346
335,0.186707993214234,25,0.8154098987579346
390,0.053605064878435596,25,0.8154098987579346
405,0.10039215962946449,25,0.8154098987579346
470,1.5644797048750314,25,0.8154098987579346
535,1.575390037540328,25,0.8154098987579346
550,0.022836753231086308,25,0.8154098987579346
620,0.8295854350632164,25,0.8154098987579346
645,0.20374641021860182,25,0.8154098987579346
720,0.1059519441685952,25,0.8154098987579346
785,1.5137434958039426,25,0.8154098987579346
810,0.6729319513085419,25,0.8154098987579346
895,0.5937441379593068,25,0.8154098987579346
915,2.469836385504414,25,0.8154098987579346
940,0.32292285044116,25,0.8154098987579346
990,0.3575201382653698,25,0.8154098987579346
995,0.15855624935717866,25,0.8154098987579346
1005,0.05773492769949188,25,0.8154098987579346
1045,0.10027401429284406,25,0.8154098987579346
1055,1.214167977701698,25,0.8154098987579346
1070,0.7921220854569256,25,0.8154098987579346
1075,0.0432847587583923,25,0.8154098987579346
1085,0.8389709008018251,25,0.8154098987579346
1255,0.35277468183245214,25,0.8154098987579346
1320,0.03868026653201567,25,0.8154098987579346
1380,0.06410352738301091,25,0.8154098987579346
1445,0.9857504689305963,25,0.8154098987579346
1480,0.2811593712415017,25,0.8154098987579346
1515,0.08389985908234947,25,0.8154098987579346
26,1.0257615122201884,26,0.8369290828704834
61,4.79828796737057,26,0.8369290828704834
136,5.107018918770256,26,0.8369290828704834
176,1.2646243235641157,26,0.8369290828704834
251,2.563969728702816,26,0.8369290828704834
286,13.484544838350041,26,0.8369290828704834
326,4.111981604173939,26,0.8369290828704834
346,4.1773309451735505,26,0.8369290828704834
436,2.438014381196467,26,0.8369290828704834
461,1.3144206382471795,26,0.8369290828704834
521,20.97539298306071,26,0.8369290828704834
576,7.2719156669521245,26,0.8369290828704834
661,4.645373318775257,26,0.8369290828704834
696,2.8947613635095215,26,0.8369290828704834
706,3.4675309855594247,26,0.8369290828704834
751,0.3900945328324735,26,0.8369290828704834
836,8.981827899829506,26,0.8369290828704834
851,3.348039960884607,26,0.8369290828704834
921,7.605529622757376,26,0.8369290828704834
1016,1.0111510430468027,26,0.8369290828704834
1021,2.9159281245171913,26,0.8369290828704834
1036,5.171781225371499,26,0.8369290828704834
1301,2.0861050964317562,26,0.8369290828704834
1336,0.9567420871690493,26,0.8369290828704834
1356,2.2421518109346104,26,0.8369290828704834
1431,0.9761319457906587,26,0.8369290828704834
1506,2.909775532490909,26,0.8369290828704834
1531,12.76733208463259,26,0.8369290828704834
1556,10.703125214593552,26,0.8369290828704834
1576,1.8463532083611756,26,0.8369290828704834
1676,6.119519255370164,26,0.8369290828704834
1736,11.642288351201028,26,0.8369290828704834
1801,11.856206027031494,26,0.8369290828704834
1841,7.6296313894456915,26,0.8369290828704834
1896,6.339063805951528,26,0.8369290828704834
1941,1.0801151588159017,26,0.8369290828704834
1986,2.9071307258894215,26,0.8369290828704834
2011,29.277068482092822,26,0.8369290828704834
2066,1.2959932130698941,26,0.8369290828704834
2086,0.620010412131167,26,0.8369290828704834
27,2.0027663043413666,27,0.7998149394989014
62,2.2523270169414333,27,0.7998149394989014
137,1.9308887670431174,27,0.7998149394989014
177,1.6782207186850358,27,0.7998149394989014
252,0.9751923084850452,27,0.7998149394989014
287,3.6127160162253396,27,0.7998149394989014
327,2.5798574512865255,27,0.7998149394989014
347,3.133885172602158,27,0.7998149394989014
437,1.97185233467966,27,0.7998149394989014
462,1.4802540480648454,27,0.7998149394989014
522,2.1978530958813924,27,0.7998149394989014
577,0.723212825702545,27,0.7998149394989014
662,0.8984912728008927,27,0.7998149394989014
697,1.3666128708347043,27,0.7998149394989014
707,1.4801496935702154,27,0.7998149394989014
752,1.0407879447167252,27,0.7998149394989014
837,3.1847069810700344,27,0.7998149394989014
852,9.049524885525178,27,0.7998149394989014
922,1.224870988663781,27,0.7998149394989014
1017,0.7776717607165465,27,0.7998149394989014
1022,1.647413454152821,27,0.7998149394989014
1037,0.7215260473472429,27,0.7998149394989014
1302,6.444092430558567,27,0.7998149394989014
1337,4.33178576127873,27,0.7998149394989014
1357,1.9364857974252114,27,0.7998149394989014
1432,3.2058666912442355,27,0.7998149394989014
1507,0.4274027670077001,27,0.7998149394989014
1532,3.6443169742560295,27,0.7998149394989014
1557,8.37719012682368,27,0.7998149394989014
1577,0.7321214792642741,27,0.7998149394989014
1677,52.8133883730515,27,0.7998149394989014
1737,3.3106299129269607,27,0.7998149394989014
1802,3.676970290412986,27,0.7998149394989014
1842,3.0650583670963902,27,0.7998149394989014
1897,2.3570502406037153,27,0.7998149394989014
1942,44.491963774055876,27,0.7998149394989014
1987,3.972172721906668,27,0.7998149394989014
2012,16.52477099087976,27,0.7998149394989014
2067,2.2994381574436615,27,0.7998149394989014
2087,5.181350759612929,27,0.7998149394989014
28,14.861378320546834,28,0.8338449001312256
63,0.3520447656614647,28,0.8338449001312256
138,11.096564637778917,28,0.8338449001312256
178,3.0389862993392467,28,0.8338449001312256
253,2.277970640597255,28,0.8338449001312256
288,3.11743377441257,28,0.8338449001312256
328,16.272806614762924,28,0.8338449001312256
348,0.3663190081076664,28,0.8338449001312256
438,1.241166169451802,28,0.8338449001312256
463,10.25100332610827,28,0.8338449001312256
523,6.825344918560462,28,0.8338449001312256
578,3.704962590201868,28,0.8338449001312256
663,6.271431621013427,28,0.8338449001312256
698,2.150496951881846,28,0.8338449001312256
708,0.6294133960849564,28,0.8338449001312256
753,3.1216386338519295,28,0.8338449001312256
838,10.738897658486275,28,0.8338449001312256
853,20.655515932826795,28,0.8338449001312256
923,16.439096505812646,28,0.8338449001312256
1018,7.75291276527005,28,0.8338449001312256
1023,2.320336839692868,28,0.8338449001312256
1038,2.987130925440527,28,0.8338449001312256
1768,7.467102928409234,28,0.8338449001312256
1783,16.771142858941698,28,0.8338449001312256
1853,2.0568169655872146,28,0.8338449001312256
1918,15.09015735211467,28,0.8338449001312256
1963,7.57233784122617,28,0.8338449001312256
2033,6.262693695097594,28,0.8338449001312256
2083,38.80624244769506,28,0.8338449001312256
2113,4.939023671233454,28,0.8338449001312256
29,4.003833061702304,29,0.8229069709777832
64,5.885841707634411,29,0.8229069709777832
139,5.475755156248482,29,0.8229069709777832
179,5.033636325081323,29,0.8229069709777832
254,2.984104860474809,29,0.8229069709777832
289,13.368899388920843,29,0.8229069709777832
329,7.274057323208948,29,0.8229069709777832
349,24.08361867592727,29,0.8229069709777832
439,2.1561426203912974,29,0.8229069709777832
464,3.2982442168875794,29,0.8229069709777832
524,5.89508887152336,29,0.8229069709777832
579,6.408338377923843,29,0.8229069709777832
664,1.6661672168555586,29,0.8229069709777832
699,2.0510604488506123,29,0.8229069709777832
709,3.103680007238148,29,0.8229069709777832
754,6.5639168499800595,29,0.8229069709777832
839,8.400835733279953,29,0.8229069709777832
854,7.929077060994117,29,0.8229069709777832
924,15.513023196092929,29,0.8229069709777832
1019,4.633172280699762,29,0.8229069709777832
1024,1.0817094458473253,29,0.8229069709777832
1039,1.6589372143952401,29,0.8229069709777832
1304,26.4754163023413,29,0.8229069709777832
1339,2.8482808431978426,29,0.8229069709777832
1359,3.4588265258075466,29,0.8229069709777832
1434,15.191247603227216,29,0.8229069709777832
1509,8.025916303183601,29,0.8229069709777832
1534,20.000683131267593,29,0.8229069709777832
1559,4.6020649604441575,29,0.8229069709777832
1579,1.5454109891961687,29,0.8229069709777832
1679,36.672944325678166,29,0.8229069709777832
1739,4.313902932186542,29,0.8229069709777832
1804,11.374993345226613,29,0.8229069709777832
1844,7.432904674077801,29,0.8229069709777832
1899,12.669278903505912,29,0.8229069709777832
1944,6.20342133581735,29,0.8229069709777832
1989,7.665470274062023,29,0.8229069709777832
2014,25.517970125106878,29,0.8229069709777832
2069,10.61764108906432,29,0.8229069709777832
2089,3.3664352784221268,29,0.8229069709777832
30,0.21758861074151975,30,0.7676489353179932
65,0.010422083039535948,30,0.7676489353179932
140,0.10775568845837283,30,0.7676489353179932
180,0.035214918487097326,30,0.7676489353179932
255,0.010513583589799109,30,0.7676489353179932
290,0.16846274309121972,30,0.7676489353179932
330,0.4941590083558946,30,0.7676489353179932
350,0.03429600687290428,30,0.7676489353179932
440,0.02344801402135248,30,0.7676489353179932
465,0.05777030187438783,30,0.7676489353179932
525,0.09818871488609876,30,0.7676489353179932
580,0.027541611327861044,30,0.7676489353179932
31,1.6370913305052905,31,0.7505128383636475
56,3.407838477650698,31,0.7505128383636475
126,0.5704610788764283,31,0.7505128383636475
171,5.303347169390815,31,0.7505128383636475
241,4.9819162615711665,31,0.7505128383636475
296,1.1534209329671743,31,0.7505128383636475
306,9.983107558136934,31,0.7505128383636475
376,1.5906327270382148,31,0.7505128383636475
426,0.2847906139692493,31,0.7505128383636475
451,2.0770561243936974,31,0.7505128383636475
526,4.920590940437864,31,0.7505128383636475
581,5.919573724001854,31,0.7505128383636475
646,0.35821122690465523,31,0.7505128383636475
681,4.27832861819693,31,0.7505128383636475
746,0.5856068957049377,31,0.7505128383636475
771,2.997945504891132,31,0.7505128383636475
841,2.2484624198428587,31,0.7505128383636475
876,2.072382141679367,31,0.7505128383636475
906,9.826072248923811,31,0.7505128383636475
1291,5.774440600184252,31,0.7505128383636475
1341,3.472037392473055,31,0.7505128383636475
1361,2.3133218213423823,31,0.7505128383636475
1446,2.518380306448446,31,0.7505128383636475
32,0.2618145894252759,32,0.7778480052947998
57,1.8835957401969114,32,0.7778480052947998
127,0.5738512326120606,32,0.7778480052947998
172,12.919428092081127,32,0.7778480052947998
242,30.53244076816816,32,0.7778480052947998
297,1.4897163526461097,32,0.7778480052947998
307,6.403498230186598,32,0.7778480052947998
377,2.208185458971828,32,0.7778480052947998
427,0.42012617341353786,32,0.7778480052947998
452,1.040670435318485,32,0.7778480052947998
527,0.540986528737811,32,0.7778480052947998
582,2.0585640744417857,32,0.7778480052947998
647,0.5160648394952646,32,0.7778480052947998
682,8.25040640971987,32,0.7778480052947998
747,0.19054873744612516,32,0.7778480052947998
772,2.359005179593289,32,0.7778480052947998
842,1.1155928055454347,32,0.7778480052947998
877,1.801293798451797,32,0.7778480052947998
907,3.458539991221868,32,0.7778480052947998
1502,5.000019822730117,32,0.7778480052947998
1527,0.5489831611513936,32,0.7778480052947998
1607,4.323721438510994,32,0.7778480052947998
1642,1.9906542963786062,32,0.7778480052947998
1652,9.494117075174366,32,0.7778480052947998
1717,31.084730353123298,32,0.7778480052947998
1807,2.0771939181747605,32,0.7778480052947998
1837,15.699293511409188,32,0.7778480052947998
1857,1.7845344583555667,32,0.7778480052947998
1902,4.68739147370561,32,0.7778480052947998
2007,1.202237501005518,32,0.7778480052947998
2047,3.409339252233017,32,0.7778480052947998
2092,4.5479865268583,32,0.7778480052947998
2147,4.630675270429106,32,0.7778480052947998
33,7.76815354076285,33,0.8226511478424072
58,9.072778613278132,33,0.8226511478424072
128,1.1972136472296269,33,0.8226511478424072
173,11.913617441345089,33,0.8226511478424072
243,27.743992449061253,33,0.8226511478424072
298,3.012306479934211,33,0.8226511478424072
308,6.802204236774283,33,0.8226511478424072
378,11.597215792847598,33,0.8226511478424072
428,6.386506959022478,33,0.8226511478424072
453,9.60032806037586,33,0.8226511478424072
528,3.858454994656791,33,0.8226511478424072
583,21.908843670063323,33,0.8226511478424072
648,2.1691471666703657,33,0.8226511478424072
683,8.051378171109725,33,0.8226511478424072
748,2.295592405016626,33,0.8226511478424072
773,38.67863418036351,33,0.8226511478424072
843,30.20927116069842,33,0.8226511478424072
878,9.952274468506348,33,0.8226511478424072
908,7.259849259294629,33,0.8226511478424072
1293,16.2031715034876,33,0.8226511478424072
1343,10.930331732000388,33,0.8226511478424072
1363,12.279718821709501,33,0.8226511478424072
1448,9.330887855116213,33,0.8226511478424072
34,3.5596388134303716,34,0.7938258647918701
59,28.70211972722792,34,0.7938258647918701
129,1.86464205295378,34,0.7938258647918701
174,47.99742774810398,34,0.7938258647918701
244,37.760277458251664,34,0.7938258647918701
299,10.40970016266162,34,0.7938258647918701
309,26.26882720899069,34,0.7938258647918701
379,2.2089002024844446,34,0.7938258647918701
429,1.7978281022241627,34,0.7938258647918701
454,3.3599198356303432,34,0.7938258647918701
1294,3.857122514894074,34,0.7938258647918701
1344,5.887860879428951,34,0.7938258647918701
1364,7.673279389073933,34,0.7938258647918701
1449,2.7423845905959916,34,0.7938258647918701
35,0.1170024932737951,35,0.7895359992980957
60,0.6453597902749267,35,0.7895359992980957
130,0.0139244311565828,35,0.7895359992980957
175,1.405248138243349,35,0.7895359992980957
245,0.8041201633934207,35,0.7895359992980957
300,0.1572060420675435,35,0.7895359992980957
310,0.3620234185005324,35,0.7895359992980957
380,0.15373284098407153,35,0.7895359992980957
430,0.32819135580856945,35,0.7895359992980957
455,0.19165614036727727,35,0.7895359992980957
530,0.11032108924356729,35,0.7895359992980957
585,0.6099628550523862,35,0.7895359992980957
650,0.0655856801663341,35,0.7895359992980957
685,0.1842535243063264,35,0.7895359992980957
750,0.057740152029679456,35,0.7895359992980957
775,0.13975004422616713,35,0.7895359992980957
845,0.06797712518565863,35,0.7895359992980957
880,0.22692821963920964,35,0.7895359992980957
910,0.005832289170041403,35,0.7895359992980957
1505,0.3003757352151,35,0.7895359992980957
1530,0.07492150193124521,35,0.7895359992980957
1610,0.3148124592459945,35,0.7895359992980957
1645,0.2927716567498687,35,0.7895359992980957
1655,0.2507310142613951,35,0.7895359992980957
1720,0.7851439783220785,35,0.7895359992980957
1810,0.6508852934257969,35,0.7895359992980957
1840,0.6235128214181744,35,0.7895359992980957
1860,0.19854921295656347,35,0.7895359992980957
1905,0.11152698600715882,35,0.7895359992980957
2010,0.22452545869655482,35,0.7895359992980957
2050,0.08433282353392096,35,0.7895359992980957
2095,0.32434323867855436,35,0.7895359992980957
2150,0.20378799815694046,35,0.7895359992980957
36,14.214408789137943,36,0.7688992023468018
71,1.5673806961926187,36,0.7688992023468018
146,0.1961544311731982,36,0.7688992023468018
181,6.510791724576533,36,0.7688992023468018
236,1.0808668742930392,36,0.7688992023468018
271,0.9508684145497944,36,0.7688992023468018
366,0.7963031198602585,36,0.7688992023468018
381,0.600713996933564,36,0.7688992023468018
431,1.922483508043376,36,0.7688992023468018
471,2.746836576072,36,0.7688992023468018
506,2.268161330988569,36,0.7688992023468018
556,2.9508999882126763,36,0.7688992023468018
636,1.073596241288725,36,0.7688992023468018
651,3.328650579047585,36,0.7688992023468018
856,0.5206667160036144,36,0.7688992023468018
946,3.251493539191964,36,0.7688992023468018
951,1.419936254713315,36,0.7688992023468018
1306,3.7381849892189316,36,0.7688992023468018
1321,0.2774591964734839,36,0.7688992023468018
1401,1.4975189498475192,36,0.7688992023468018
1426,0.18166593097103306,36,0.7688992023468018
1776,2.763222330967493,36,0.7688992023468018
1846,0.10961462558432541,36,0.7688992023468018
1886,0.3400824135091267,36,0.7688992023468018
1911,2.1357846273823404,36,0.7688992023468018
1956,0.2840250628837944,36,0.7688992023468018
2001,3.317808744250347,36,0.7688992023468018
2051,0.472146986812768,36,0.7688992023468018
2076,2.147086613150783,36,0.7688992023468018
2156,3.4908700335164156,36,0.7688992023468018
37,6.730530557747048,37,0.791841983795166
72,22.230957779208406,37,0.791841983795166
147,0.5778269152284297,37,0.791841983795166
182,1.1195413021036336,37,0.791841983795166
237,0.08219408724518662,37,0.791841983795166
272,0.9179630734655231,37,0.791841983795166
367,3.712080254056001,37,0.791841983795166
382,1.2398024636163663,37,0.791841983795166
432,0.4823022775952486,37,0.791841983795166
472,0.7239180932679872,37,0.791841983795166
507,1.2550538335318797,37,0.791841983795166
557,3.521625824925793,37,0.791841983795166
637,0.7565920319625538,37,0.791841983795166
652,1.3938084361112357,37,0.791841983795166
742,0.8624583768049101,37,0.791841983795166
787,3.425633856526817,37,0.791841983795166
822,0.5298332548622775,37,0.791841983795166
857,0.3789219288415821,37,0.791841983795166
917,1.131662881382751,37,0.791841983795166
947,0.7877585581744575,37,0.791841983795166
952,0.513930599776785,37,0.791841983795166
962,1.2225613573830911,37,0.791841983795166
977,0.6114742435660006,37,0.791841983795166
1012,4.894299404789756,37,0.791841983795166
1027,4.48437994946024,37,0.791841983795166
1032,5.504632961232307,37,0.791841983795166
1132,0.6341008836713432,37,0.791841983795166
1142,0.4228430982296027,37,0.791841983795166
1152,0.7190097267019967,37,0.791841983795166
1167,0.6705666162174173,37,0.791841983795166
1172,3.957781523823457,37,0.791841983795166
1187,3.057535860916711,37,0.791841983795166
1197,11.97029939538079,37,0.791841983795166
1207,5.295975655656367,37,0.791841983795166
1212,3.5160769736925634,37,0.791841983795166
1227,1.3309484463409236,37,0.791841983795166
1237,3.885022825764275,37,0.791841983795166
1242,4.947360325242322,37,0.791841983795166
1267,1.539123107795045,37,0.791841983795166
1297,13.956867460498874,37,0.791841983795166
1387,10.552781273521013,37,0.791841983795166
1422,1.2489056193852925,37,0.791841983795166
1452,4.139103545791863,37,0.791841983795166
1537,4.342449362576242,37,0.791841983795166
1597,9.013503895077669,37,0.791841983795166
1622,3.0171970528104395,37,0.791841983795166
1662,2.4099331161156834,37,0.791841983795166
1707,1.9281716529919042,37,0.791841983795166
1792,1.6168473767835916,37,0.791841983795166
1827,0.18767843735305176,37,0.791841983795166
1867,2.0649479204623873,37,0.791841983795166
1892,5.809905669800471,37,0.791841983795166
1977,15.668229978293644,37,0.791841983795166
2037,0.5420126151935989,37,0.791841983795166
2107,2.394620904295138,37,0.791841983795166
2142,6.955918344973346,37,0.791841983795166
38,15.615152169351113,38,0.8074169158935547
73,4.555541973761573,38,0.8074169158935547
148,3.3345081771912444,38,0.8074169158935547
183,15.096953025037841,38,0.8074169158935547
238,0.327250777342489,38,0.8074169158935547
273,3.2203909174823733,38,0.8074169158935547
368,35.2688398603533,38,0.8074169158935547
383,7.781938502468356,38,0.8074169158935547
433,11.46415864173336,38,0.8074169158935547
473,37.663301858011366,38,0.8074169158935547
508,15.80303055465771,38,0.8074169158935547
558,12.074002512123672,38,0.8074169158935547
638,1.823373529970858,38,0.8074169158935547
653,4.943828219878413,38,0.8074169158935547
743,8.987482366683214,38,0.8074169158935547
788,13.075911264522222,38,0.8074169158935547
823,12.519876040455973,38,0.8074169158935547
858,1.136091219309721,38,0.8074169158935547
918,4.823540228262952,38,0.8074169158935547
948,1.9161752777465435,38,0.8074169158935547
953,4.722010860573923,38,0.8074169158935547
963,32.27019131071916,38,0.8074169158935547
978,9.713167798625475,38,0.8074169158935547
1013,49.384003408374234,38,0.8074169158935547
1028,75.55099773394194,38,0.8074169158935547
1033,28.026970153589293,38,0.8074169158935547
1133,21.58134690002484,38,0.8074169158935547
1143,12.935987745561714,38,0.8074169158935547
1153,32.40182761509219,38,0.8074169158935547
1168,2.161560028566892,38,0.8074169158935547
1173,9.323182832282724,38,0.8074169158935547
1188,44.30868328362731,38,0.8074169158935547
1198,14.33394771562171,38,0.8074169158935547
1208,3.1168767333942364,38,0.8074169158935547
1213,9.163224441733226,38,0.8074169158935547
1228,13.374092417853458,38,0.8074169158935547
1238,3.4006054805233847,38,0.8074169158935547
1243,6.113043439539463,38,0.8074169158935547
1268,5.209455608245966,38,0.8074169158935547
1298,9.396525548169636,38,0.8074169158935547
1388,16.159845655656046,38,0.8074169158935547
1423,17.408975577317925,38,0.8074169158935547
1453,26.108907401772708,38,0.8074169158935547
1538,6.998244296532573,38,0.8074169158935547
1598,25.49277972458501,38,0.8074169158935547
1623,16.059725432332435,38,0.8074169158935547
1663,3.3750584863424877,38,0.8074169158935547
1708,3.8024392704477976,38,0.8074169158935547
1793,14.324243642453288,38,0.8074169158935547
1828,5.644605668428847,38,0.8074169158935547
1868,8.402090331752026,38,0.8074169158935547
1893,18.53322298537531,38,0.8074169158935547
1978,27.826115965368157,38,0.8074169158935547
2038,9.78733992974575,38,0.8074169158935547
2108,12.034508120439703,38,0.8074169158935547
2143,22.590141791798587,38,0.8074169158935547
39,2.7918457318968772,39,0.7823500633239746
75,4.498372643803527,39,0.7823500633239746
149,0.42144642415869094,39,0.7823500633239746
184,5.143630782072307,39,0.7823500633239746
239,0.470885442290639,39,0.7823500633239746
274,0.8354578974256442,39,0.7823500633239746
369,13.698409352536096,39,0.7823500633239746
384,10.549283414653562,39,0.7823500633239746
434,6.001776343393427,39,0.7823500633239746
474,9.359017837143243,39,0.7823500633239746
509,1.1147869342369074,39,0.7823500633239746
559,0.923478450836874,39,0.7823500633239746
639,0.9506203121644231,39,0.7823500633239746
654,1.9757825450055362,39,0.7823500633239746
744,5.143556561531789,39,0.7823500633239746
789,13.534507533417376,39,0.7823500633239746
824,4.339811409621117,39,0.7823500633239746
859,1.1323923872706896,39,0.7823500633239746
919,2.3703263808808575,39,0.7823500633239746
949,1.6027850998506954,39,0.7823500633239746
954,1.7090714974912995,39,0.7823500633239746
964,6.450663446031021,39,0.7823500633239746
979,3.384878134685991,39,0.7823500633239746
1014,13.107730989899135,39,0.7823500633239746
1029,4.657678609967327,39,0.7823500633239746
1034,7.3358134142674984,39,0.7823500633239746
1134,11.15284233685546,39,0.7823500633239746
1144,8.027965202360665,39,0.7823500633239746
1154,6.325733440009436,39,0.7823500633239746
1169,0.3197041138014621,39,0.7823500633239746
1174,2.7332872198697755,39,0.7823500633239746
1189,12.710494011376571,39,0.7823500633239746
1199,10.58563022462877,39,0.7823500633239746
1209,0.29571129433804766,39,0.7823500633239746
1214,17.82895606805226,39,0.7823500633239746
1229,8.010352946717488,39,0.7823500633239746
1239,1.164806302993662,39,0.7823500633239746
1244,1.1489367712813403,39,0.7823500633239746
1269,4.3610274571818435,39,0.7823500633239746
1299,18.88673464975433,39,0.7823500633239746
1794,5.782326334145803,39,0.7823500633239746
1829,1.199913700801206,39,0.7823500633239746
1869,3.5277431948016322,39,0.7823500633239746
1894,9.984101155263946,39,0.7823500633239746
1979,9.397485776412793,39,0.7823500633239746
2039,4.359913614044994,39,0.7823500633239746
2109,3.1426283502065395,39,0.7823500633239746
2144,8.033582133437804,39,0.7823500633239746
40,0.9172620305774409,40,0.7687098979949951
74,0.006344127342984994,40,0.7687098979949951
150,0.027063388052010015,40,0.7687098979949951
185,0.3414951925052884,40,0.7687098979949951
240,0.015108225167080066,40,0.7687098979949951
275,0.12308678999830237,40,0.7687098979949951
370,0.665790449377462,40,0.7687098979949951
385,0.1004060933923034,40,0.7687098979949951
435,0.43093894909495983,40,0.7687098979949951
475,0.13760258018008392,40,0.7687098979949951
510,0.18763902245963782,40,0.7687098979949951
560,8.239365665331318,40,0.7687098979949951
640,0.02946750240716692,40,0.7687098979949951
655,0.044205405787195645,40,0.7687098979949951
745,0.17734995037813667,40,0.7687098979949951
790,0.28718185505840205,40,0.7687098979949951
825,0.07599309523801226,40,0.7687098979949951
860,0.03313026240740602,40,0.7687098979949951
920,0.05308943233393356,40,0.7687098979949951
950,0.12911908303341094,40,0.7687098979949951
955,0.10171462293689797,40,0.7687098979949951
965,0.33494282856983076,40,0.7687098979949951
980,0.30432313211563666,40,0.7687098979949951
1015,0.3028202852744739,40,0.7687098979949951
1030,3.97994659020195,40,0.7687098979949951
1035,7.821738594475792,40,0.7687098979949951
1135,0.22374072511262635,40,0.7687098979949951
1145,0.1423572895661002,40,0.7687098979949951
1155,0.1513683106139699,40,0.7687098979949951
1170,4.565612632518375,40,0.7687098979949951
1175,0.08268503526973525,40,0.7687098979949951
1190,4.9013559317558135,40,0.7687098979949951
1200,0.15621263373676172,40,0.7687098979949951
1210,0.2458310560548868,40,0.7687098979949951
1215,1.7224873023823657,40,0.7687098979949951
1230,0.336786021892993,40,0.7687098979949951
1240,0.02753963442004879,40,0.7687098979949951
1245,0.05914051468727447,40,0.7687098979949951
1270,0.06695242144988209,40,0.7687098979949951
1300,0.3836635136026861,40,0.7687098979949951
1390,0.017487655562124928,40,0.7687098979949951
1425,0.15012730381243342,40,0.7687098979949951
1455,0.4782497053663389,40,0.7687098979949951
1540,1.2282794812930777,40,0.7687098979949951
1600,2.082886235350939,40,0.7687098979949951
1625,0.09189018420843847,40,0.7687098979949951
1665,0.08614957507171915,40,0.7687098979949951
1710,0.23505486847014118,40,0.7687098979949951
1795,1.3832220761148144,40,0.7687098979949951
1830,0.05453841386123184,40,0.7687098979949951
1870,0.07029410260014778,40,0.7687098979949951
1895,0.19989722184023276,40,0.7687098979949951
1980,0.3928625914370979,40,0.7687098979949951
2040,0.0953381271623583,40,0.7687098979949951
2110,11.395302856837121,40,0.7687098979949951
2145,0.05442732698633414,40,0.7687098979949951
46,0.5096282481177047,41,0.7558422088623047
81,5.02890976189505,41,0.7558422088623047
131,11.462778485301977,41,0.7558422088623047
151,7.47649334516984,41,0.7558422088623047
201,5.721611763288012,41,0.7558422088623047
276,4.613142702695889,41,0.7558422088623047
371,3.1556309871233474,41,0.7558422088623047
391,0.6235293717780006,41,0.7558422088623047
441,1.7118625817648294,41,0.7558422088623047
496,1.884080779362799,41,0.7558422088623047
536,0.7755880007900947,41,0.7558422088623047
571,9.142939028752068,41,0.7558422088623047
631,4.097901017336556,41,0.7558422088623047
676,17.883315486301825,41,0.7558422088623047
726,10.511159951425865,41,0.7558422088623047
791,3.1772396292249905,41,0.7558422088623047
816,1.2102975301610606,41,0.7558422088623047
871,4.998416962708089,41,0.7558422088623047
931,8.048462161672735,41,0.7558422088623047
941,3.0714304567824873,41,0.7558422088623047
956,2.5731410684305343,41,0.7558422088623047
966,2.169956061246978,41,0.7558422088623047
971,2.043339479734591,41,0.7558422088623047
1096,0.9857389470648361,41,0.7558422088623047
1101,1.871230623996655,41,0.7558422088623047
1111,2.3522712014977225,41,0.7558422088623047
1126,2.951557728972645,41,0.7558422088623047
1181,0.8235369249646985,41,0.7558422088623047
1191,6.329700299129408,41,0.7558422088623047
1201,1.37665650325894,41,0.7558422088623047
1216,1.0163943516469414,41,0.7558422088623047
1256,7.688286949639147,41,0.7558422088623047
1271,3.905750075851691,41,0.7558422088623047
1396,1.072868936968638,41,0.7558422088623047
1411,2.652617658293747,41,0.7558422088623047
1486,2.790288752702395,41,0.7558422088623047
1541,5.146603422125275,41,0.7558422088623047
1591,1.0885463193226614,41,0.7558422088623047
1646,5.447775040798058,41,0.7558422088623047
1671,2.6530171921296004,41,0.7558422088623047
1746,9.559201809840888,41,0.7558422088623047
47,1.2555487692679634,42,0.7807657718658447
82,4.554078076271769,42,0.7807657718658447
132,1.840119495117176,42,0.7807657718658447
152,3.2506037615994323,42,0.7807657718658447
202,0.557490429690488,42,0.7807657718658447
277,2.8398453234907874,42,0.7807657718658447
372,3.17290694811654,42,0.7807657718658447
392,0.7656843918497267,42,0.7807657718658447
442,1.1555548387879386,42,0.7807657718658447
497,0.2944129911000046,42,0.7807657718658447
537,2.0378317747153085,42,0.7807657718658447
572,9.410598277028079,42,0.7807657718658447
632,3.2429300848721128,42,0.7807657718658447
677,1.240282631128665,42,0.7807657718658447
727,8.383144577568398,42,0.7807657718658447
792,7.743887760883842,42,0.7807657718658447
817,0.4231904640089559,42,0.7807657718658447
872,1.5813005933930935,42,0.7807657718658447
932,9.352731053913866,42,0.7807657718658447
942,5.620960865069281,42,0.7807657718658447
957,5.555125159463744,42,0.7807657718658447
967,0.6210317307952279,42,0.7807657718658447
972,5.206342558880838,42,0.7807657718658447
1097,1.8110161077163127,42,0.7807657718658447
1102,1.2239489752667188,42,0.7807657718658447
1112,6.7082069237399,42,0.7807657718658447
1127,4.182200464661264,42,0.7807657718658447
1182,2.2416622942971984,42,0.7807657718658447
1192,1.1676521510808036,42,0.7807657718658447
1202,2.9538469658245115,42,0.7807657718658447
1217,0.7843518805684841,42,0.7807657718658447
1257,9.316295062085649,42,0.7807657718658447
1272,1.0479309325721895,42,0.7807657718658447
1397,0.5193048686289568,42,0.7807657718658447
1412,10.69772342955325,42,0.7807657718658447
1487,1.2602604871815206,42,0.7807657718658447
1542,0.4945972654325588,42,0.7807657718658447
1592,4.159812086947574,42,0.7807657718658447
1647,0.46335064609874815,42,0.7807657718658447
1672,0.8123865614958393,42,0.7807657718658447
1747,1.454302841867628,42,0.7807657718658447
1767,3.268777170205138,42,0.7807657718658447
1782,4.684982414221545,42,0.7807657718658447
1852,2.6409790863681963,42,0.7807657718658447
1917,0.7503336766653985,42,0.7807657718658447
1962,2.5869830065275012,42,0.7807657718658447
2032,0.8063436809584201,42,0.7807657718658447
2082,4.697647666231973,42,0.7807657718658447
2112,3.104494398284434,42,0.7807657718658447
48,2.3677004491870295,43,0.7665328979492188
83,15.763611022597255,43,0.7665328979492188
133,6.361046289050387,43,0.7665328979492188
153,4.05049464819813,43,0.7665328979492188
203,5.747483091567868,43,0.7665328979492188
278,16.590994511688677,43,0.7665328979492188
373,14.39207690851879,43,0.7665328979492188
393,3.454232377775897,43,0.7665328979492188
443,14.99069525031163,43,0.7665328979492188
498,3.892872130438507,43,0.7665328979492188
538,10.871508448403597,43,0.7665328979492188
573,7.708460407933397,43,0.7665328979492188
633,8.657347839661394,43,0.7665328979492188
678,7.55902161417335,43,0.7665328979492188
728,31.695383901597673,43,0.7665328979492188
793,32.98106595873372,43,0.7665328979492188
818,14.23692296513133,43,0.7665328979492188
873,36.705911063284866,43,0.7665328979492188
933,5.868475144959708,43,0.7665328979492188
943,12.299339947223071,43,0.7665328979492188
958,26.090574022064086,43,0.7665328979492188
968,28.28139992431511,43,0.7665328979492188
973,15.079691150191788,43,0.7665328979492188
1098,7.57598063626063,43,0.7665328979492188
1103,2.0666473388088753,43,0.7665328979492188
1113,2.693681429726244,43,0.7665328979492188
1128,2.4735621233936596,43,0.7665328979492188
1183,1.6331924905173532,43,0.7665328979492188
1193,5.227968567789405,43,0.7665328979492188
1203,26.95469844779648,43,0.7665328979492188
1218,24.34508750298735,43,0.7665328979492188
1258,42.86997079746137,43,0.7665328979492188
1273,5.9222656657506665,43,0.7665328979492188
1398,1.3946984376334266,43,0.7665328979492188
1413,11.46906325535175,43,0.7665328979492188
1488,0.4387713130056931,43,0.7665328979492188
1543,8.911873581022412,43,0.7665328979492188
1593,1.246388953050149,43,0.7665328979492188
1648,17.43022218615635,43,0.7665328979492188
1673,43.67253828576477,43,0.7665328979492188
1748,14.545666064742893,43,0.7665328979492188
49,5.180531351100839,44,0.7801229953765869
84,26.681970484233606,44,0.7801229953765869
134,3.996438941478453,44,0.7801229953765869
154,22.472190707362945,44,0.7801229953765869
204,13.62940391514775,44,0.7801229953765869
279,7.893116285879221,44,0.7801229953765869
374,2.5715196672896186,44,0.7801229953765869
394,1.5606972228688738,44,0.7801229953765869
444,39.234320619387994,44,0.7801229953765869
499,8.11097748746463,44,0.7801229953765869
539,5.451504648620334,44,0.7801229953765869
574,6.452654008073759,44,0.7801229953765869
634,3.0535273601373074,44,0.7801229953765869
679,7.4191015736744585,44,0.7801229953765869
729,8.883142048193795,44,0.7801229953765869
794,11.47906463280224,44,0.7801229953765869
819,8.61921106459599,44,0.7801229953765869
874,14.863311836587336,44,0.7801229953765869
934,18.47586752176237,44,0.7801229953765869
944,4.1415455048088905,44,0.7801229953765869
959,7.143123711265947,44,0.7801229953765869
969,5.478961719798012,44,0.7801229953765869
974,7.192377738009657,44,0.7801229953765869
1099,10.278530495068305,44,0.7801229953765869
1104,2.8483020200866394,44,0.7801229953765869
1114,23.475031095597984,44,0.7801229953765869
1129,2.9338705723749046,44,0.7801229953765869
1184,11.03847034093945,44,0.7801229953765869
1194,1.393085728529586,44,0.7801229953765869
1204,10.7614450894128,44,0.7801229953765869
1219,5.995015237609741,44,0.7801229953765869
1259,4.00452263665889,44,0.7801229953765869
1274,16.39991421785998,44,0.7801229953765869
1399,2.174804283405959,44,0.7801229953765869
1414,5.1938973631821685,44,0.7801229953765869
1489,6.040510723469789,44,0.7801229953765869
1544,7.698016002818638,44,0.7801229953765869
1594,9.601908104004005,44,0.7801229953765869
1649,16.32115209048307,44,0.7801229953765869
1674,37.29469142752109,44,0.7801229953765869
1749,36.80331558899496,44,0.7801229953765869
1769,2.1863425373138448,44,0.7801229953765869
1784,5.876666593096173,44,0.7801229953765869
1854,22.872244177675032,44,0.7801229953765869
1919,10.397692759149953,44,0.7801229953765869
1964,5.204169479888353,44,0.7801229953765869
2034,7.046185683632061,44,0.7801229953765869
2084,5.621587001908968,44,0.7801229953765869
2114,3.0402720175705062,44,0.7801229953765869
50,0.030163065928862084,45,0.777911901473999
85,0.07325745700852915,45,0.777911901473999
135,0.047365757757280295,45,0.777911901473999
155,0.17475225555722765,45,0.777911901473999
205,0.12512513444578072,45,0.777911901473999
280,1.6638284319939503,45,0.777911901473999
375,5.137052033002118,45,0.777911901473999
395,0.19057486307645463,45,0.777911901473999
445,0.25545886143231533,45,0.777911901473999
500,0.028589096372781116,45,0.777911901473999
540,0.5636096137809747,45,0.777911901473999
575,45.68366970628214,45,0.777911901473999
635,7.117369768087598,45,0.777911901473999
680,0.08285389556733343,45,0.777911901473999
730,0.0631681959514765,45,0.777911901473999
795,0.6302911855414143,45,0.777911901473999
820,0.3134471748347082,45,0.777911901473999
875,0.49547577745301297,45,0.777911901473999
935,0.47129896361397083,45,0.777911901473999
945,3.4643633221954433,45,0.777911901473999
960,1.0344186922424405,45,0.777911901473999
970,0.23880013968389693,45,0.777911901473999
975,27.024844052322777,45,0.777911901473999
1100,1.0896536267653267,45,0.777911901473999
1105,0.2723292622952367,45,0.777911901473999
1115,1.1371907354802826,45,0.777911901473999
1130,0.032889405332392714,45,0.777911901473999
1185,1.4267410925654165,45,0.777911901473999
1195,0.5172013074199653,45,0.777911901473999
1205,0.38010637510720846,45,0.777911901473999
1220,0.41607581234145913,45,0.777911901473999
1260,2.246686407221482,45,0.777911901473999
1275,0.7438589684713007,45,0.777911901473999
1400,0.11865232220281202,45,0.777911901473999
1415,0.5040914124390408,45,0.777911901473999
1490,1.0913120496610897,45,0.777911901473999
1545,2.0292393569430667,45,0.777911901473999
1595,0.466000955530279,45,0.777911901473999
1650,0.5724714408938623,45,0.777911901473999
1675,0.02170476803110655,45,0.777911901473999
1750,0.11418207008163092,45,0.777911901473999
1770,0.14141577253547818,45,0.777911901473999
1785,20.792906741165126,45,0.777911901473999
1855,4.34395141722874,45,0.777911901473999
1920,0.05418498754776001,45,0.777911901473999
1965,9.31762252029338,45,0.777911901473999
2035,0.20034845731452552,45,0.777911901473999
2085,0.05496211427340139,45,0.777911901473999
2115,0.32869563889800124,45,0.777911901473999
51,2.2385468723319533,46,0.7928831577301025
96,7.028167027777867,46,0.7928831577301025
156,14.555602609129668,46,0.7928831577301025
191,3.532222300120759,46,0.7928831577301025
221,16.07405852220541,46,0.7928831577301025
256,22.828994592280704,46,0.7928831577301025
316,1.167412445879429,46,0.7928831577301025
361,8.190866937189556,46,0.7928831577301025
406,13.628234839807993,46,0.7928831577301025
491,2.1839363597046173,46,0.7928831577301025
516,6.185262612631141,46,0.7928831577301025
566,1.25805243458756,46,0.7928831577301025
601,10.989576609754215,46,0.7928831577301025
656,5.728013997532381,46,0.7928831577301025
701,32.48221524293329,46,0.7928831577301025
776,10.58588321283389,46,0.7928831577301025
801,7.968574489777724,46,0.7928831577301025
866,0.847100978582039,46,0.7928831577301025
1046,25.306512487232894,46,0.7928831577301025
1056,2.8676622073694427,46,0.7928831577301025
1061,3.432613777573529,46,0.7928831577301025
1076,18.360897848036796,46,0.7928831577301025
1086,20.99602118757575,46,0.7928831577301025
1136,19.816898882373795,46,0.7928831577301025
1146,2.6646356135449065,46,0.7928831577301025
1156,12.822686590658908,46,0.7928831577301025
1161,14.742494050501497,46,0.7928831577301025
1176,1.8191707616867066,46,0.7928831577301025
1281,0.1311793028308227,46,0.7928831577301025
1326,8.389795992581874,46,0.7928831577301025
1366,6.065087994478686,46,0.7928831577301025
1381,5.0682480210596585,46,0.7928831577301025
1481,5.471244980084102,46,0.7928831577301025
1516,17.508989138871513,46,0.7928831577301025
1571,1.7416949474754817,46,0.7928831577301025
1631,3.8832092964156786,46,0.7928831577301025
1686,4.326231609375817,46,0.7928831577301025
1711,1.860390977709318,46,0.7928831577301025
1751,9.918370878268234,46,0.7928831577301025
1796,1.6472279389225943,46,0.7928831577301025
1881,12.713589945373007,46,0.7928831577301025
1936,4.233197218145067,46,0.7928831577301025
1966,3.520355247918393,46,0.7928831577301025
2021,24.443924443821853,46,0.7928831577301025
2061,8.539473417579458,46,0.7928831577301025
2136,9.427592414344575,46,0.7928831577301025
52,0.6869535731761091,47,0.7499070167541504
97,0.9822081762025205,47,0.7499070167541504
157,2.4697046065915753,47,0.7499070167541504
192,8.108691551062915,47,0.7499070167541504
222,4.667952707882631,47,0.7499070167541504
257,7.029452236585343,47,0.7499070167541504
317,1.9055475060977292,47,0.7499070167541504
362,2.39065241421141,47,0.7499070167541504
407,3.042144289908995,47,0.7499070167541504
492,4.797014067760893,47,0.7499070167541504
517,0.33071566581220396,47,0.7499070167541504
567,0.14545263451509677,47,0.7499070167541504
602,12.42226239553788,47,0.7499070167541504
657,4.210462816610016,47,0.7499070167541504
702,7.04776040726099,47,0.7499070167541504
777,0.42458246053122817,47,0.7499070167541504
802,2.0087085018667,47,0.7499070167541504
867,0.17468979381096708,47,0.7499070167541504
1047,2.292829947100347,47,0.7499070167541504
1057,2.5659352012430783,47,0.7499070167541504
1062,4.987621099189859,47,0.7499070167541504
1077,18.58511614155835,47,0.7499070167541504
1087,1.5822031748700986,47,0.7499070167541504
1137,1.8746657539423992,47,0.7499070167541504
1147,0.2833938879523745,47,0.7499070167541504
1157,0.7681912652644732,47,0.7499070167541504
1162,9.38147373760654,47,0.7499070167541504
1177,0.9353222369984011,47,0.7499070167541504
1582,5.336624683781294,47,0.7499070167541504
1617,2.6024385066457785,47,0.7499070167541504
1657,4.448475125462794,47,0.7499070167541504
1702,3.4338713134083583,47,0.7499070167541504
1777,4.965952033806851,47,0.7499070167541504
1847,0.0345981089484379,47,0.7499070167541504
1887,12.234058499288672,47,0.7499070167541504
1912,20.893971926582214,47,0.7499070167541504
1957,0.4964894481775337,47,0.7499070167541504
2002,4.537290582259135,47,0.7499070167541504
2052,15.71228471122763,47,0.7499070167541504
2077,3.6130948656312323,47,0.7499070167541504
2157,19.235235245781965,47,0.7499070167541504
53,8.12510619756643,48,0.7911491394042969
98,3.205371309250338,48,0.7911491394042969
158,16.496145719114864,48,0.7911491394042969
193,8.060560975963048,48,0.7911491394042969
223,13.88239290087415,48,0.7911491394042969
258,1.3151866002379111,48,0.7911491394042969
318,1.4422485634476647,48,0.7911491394042969
363,6.5407025609520275,48,0.7911491394042969
408,25.806423557307234,48,0.7911491394042969
493,5.735158964555311,48,0.7911491394042969
518,4.082960633687534,48,0.7911491394042969
568,3.9978305286417752,48,0.7911491394042969
603,77.21473650824312,48,0.7911491394042969
658,83.77385619517094,48,0.7911491394042969
703,23.622285290003326,48,0.7911491394042969
778,1.440919224203697,48,0.7911491394042969
803,72.399336182773,48,0.7911491394042969
868,1.94204074751404,48,0.7911491394042969
1048,19.919438822750486,48,0.7911491394042969
1058,19.579011659757484,48,0.7911491394042969
1063,8.490616912674426,48,0.7911491394042969
1078,18.001100140631507,48,0.7911491394042969
1088,35.28766316287585,48,0.7911491394042969
1138,38.798620854322735,48,0.7911491394042969
1148,11.599023968861648,48,0.7911491394042969
1158,16.588777386131472,48,0.7911491394042969
1163,32.409418765345634,48,0.7911491394042969
1178,1.5524489416795906,48,0.7911491394042969
1283,6.073155922563762,48,0.7911491394042969
1328,31.390797694252775,48,0.7911491394042969
1368,4.479908297797594,48,0.7911491394042969
1383,3.400367348996497,48,0.7911491394042969
1483,13.978582250300668,48,0.7911491394042969
1518,49.1380041384982,48,0.7911491394042969
1573,6.517199719557858,48,0.7911491394042969
1633,49.12764656214266,48,0.7911491394042969
1688,10.964819523457873,48,0.7911491394042969
1713,19.071494715715968,48,0.7911491394042969
1753,20.412076135306478,48,0.7911491394042969
1798,6.688717634787093,48,0.7911491394042969
1883,20.57445936614057,48,0.7911491394042969
1938,12.80533503596522,48,0.7911491394042969
1968,14.14468886269087,48,0.7911491394042969
2023,12.255789632877107,48,0.7911491394042969
2063,55.45637795969852,48,0.7911491394042969
2138,3.885126155815877,48,0.7911491394042969
54,14.566035368496346,49,0.7650439739227295
99,3.1786881529289537,49,0.7650439739227295
159,16.383706456568195,49,0.7650439739227295
194,25.251174935270004,49,0.7650439739227295
224,6.662481773455879,49,0.7650439739227295
259,8.660588475063003,49,0.7650439739227295
319,0.9642308013625494,49,0.7650439739227295
364,13.559785021239016,49,0.7650439739227295
409,5.204194204045143,49,0.7650439739227295
494,10.775623511617654,49,0.7650439739227295
519,1.1375535733880908,49,0.7650439739227295
569,9.052131216232326,49,0.7650439739227295
604,11.681086009355084,49,0.7650439739227295
659,12.259636623935908,49,0.7650439739227295
704,7.12443406276464,49,0.7650439739227295
779,14.87800061890147,49,0.7650439739227295
804,20.901234453684598,49,0.7650439739227295
869,4.389886969714294,49,0.7650439739227295
1049,5.623485226890917,49,0.7650439739227295
1059,8.591268797826903,49,0.7650439739227295
1064,2.2085070734481502,49,0.7650439739227295
1079,7.42450106772014,49,0.7650439739227295
1089,22.45795702627172,49,0.7650439739227295
1139,16.91445772061187,49,0.7650439739227295
1149,7.597903291272611,49,0.7650439739227295
1159,24.718745817763562,49,0.7650439739227295
1164,1.4620807318055422,49,0.7650439739227295
1179,9.102287187421414,49,0.7650439739227295
55,0.02318117286278491,50,0.7551298141479492
100,0.0002325847379187055,50,0.7551298141479492
160,0.32695018610330684,50,0.7551298141479492
195,0.577011704200835,50,0.7551298141479492
225,0.0011569534093034634,50,0.7551298141479492
260,0.697385591302805,50,0.7551298141479492
320,0.1754906486908603,50,0.7551298141479492
365,0.7931379662001861,50,0.7551298141479492
410,1.1345106573263768,50,0.7551298141479492
495,1.3447224179935866,50,0.7551298141479492
520,0.01890301506258567,50,0.7551298141479492
570,0.4235844120504737,50,0.7551298141479492
605,0.9974047316665092,50,0.7551298141479492
660,0.49942671380848863,50,0.7551298141479492
705,0.2789299458334439,50,0.7551298141479492
780,0.15697155824643266,50,0.7551298141479492
805,0.05358902527262184,50,0.7551298141479492
870,0.19263848120440707,50,0.7551298141479492
1050,0.09455125350585418,50,0.7551298141479492
1060,0.032215008046264,50,0.7551298141479492
1065,0.40096104905489904,50,0.7551298141479492
1080,0.08671982354721804,50,0.7551298141479492
1090,0.27046056114453637,50,0.7551298141479492
1140,1.1180142449110178,50,0.7551298141479492
1150,0.12149954433986469,50,0.7551298141479492
1160,0.11672457406912114,50,0.7551298141479492
1165,0.328959783939542,50,0.7551298141479492
1180,0.11658889366061413,50,0.7551298141479492
1285,0.30650336238742576,50,0.7551298141479492
1330,2.414249951970639,50,0.7551298141479492
1370,1.37386119584306,50,0.7551298141479492
1385,0.16587453094918703,50,0.7551298141479492
1485,0.9530527109682841,50,0.7551298141479492
1520,2.132850539399617,50,0.7551298141479492
1575,0.4319421852797804,50,0.7551298141479492
1635,0.00469861599257775,50,0.7551298141479492
1690,0.6083767836399977,50,0.7551298141479492
1715,0.007034780436579326,50,0.7551298141479492
302,0.31183241962935754,51,0.7588610649108887
357,2.306853750706224,51,0.7588610649108887
447,0.23602109745308208,51,0.7588610649108887
482,2.313069919645834,51,0.7588610649108887
512,1.9311613562560659,51,0.7588610649108887
542,1.4997979565966966,51,0.7588610649108887
622,1.1447270818562005,51,0.7588610649108887
687,1.0590715611364183,51,0.7588610649108887
722,0.13712750869470092,51,0.7588610649108887
757,2.1413292989848496,51,0.7588610649108887
827,0.9866717140063179,51,0.7588610649108887
882,5.605654496866773,51,0.7588610649108887
1287,0.7106207223422457,51,0.7588610649108887
1332,0.269380407884929,51,0.7588610649108887
1372,8.486375344119834,51,0.7588610649108887
1417,0.1957640602121764,51,0.7588610649108887
1462,0.9243264986723246,51,0.7588610649108887
1497,2.328978151255909,51,0.7588610649108887
1602,2.6150321819302116,51,0.7588610649108887
1627,4.903748282056671,51,0.7588610649108887
1692,1.7514759495225742,51,0.7588610649108887
1732,5.094389291867867,51,0.7588610649108887
1762,6.223084633147685,51,0.7588610649108887
1817,1.404439018473734,51,0.7588610649108887
1862,0.2740617201646023,51,0.7588610649108887
1927,2.4694289498461806,51,0.7588610649108887
1952,5.399095378224463,51,0.7588610649108887
1997,6.761092931839797,51,0.7588610649108887
2097,5.115905635127998,51,0.7588610649108887
2132,3.779058288831355,51,0.7588610649108887
418,2.8098864189947776,52,0.7668468952178955
478,3.8455900747705933,52,0.7668468952178955
563,16.55894944085742,52,0.7668468952178955
588,12.139731409337923,52,0.7668468952178955
628,59.05750230092882,52,0.7668468952178955
673,1.7602962106695683,52,0.7668468952178955
738,1.4439562058238373,52,0.7668468952178955
763,6.430735999438113,52,0.7668468952178955
833,7.321576852869579,52,0.7668468952178955
898,4.9215389735712645,52,0.7668468952178955
1278,2.320183923364012,52,0.7668468952178955
1348,5.327521716493316,52,0.7668468952178955
1353,8.197262831506393,52,0.7668468952178955
1408,7.311822719739176,52,0.7668468952178955
1458,3.584308143163058,52,0.7668468952178955
1473,48.85979952949475,52,0.7668468952178955
1563,5.49567750980245,52,0.7668468952178955
1638,22.584963729668015,52,0.7668468952178955
1698,7.546508562197732,52,0.7668468952178955
1743,44.91263488176634,52,0.7668468952178955
1773,8.576365600073416,52,0.7668468952178955
1833,5.735404609389437,52,0.7668468952178955
1878,4.3282951018613645,52,0.7668468952178955
1933,0.7324725298359555,52,0.7668468952178955
1993,2.1835624613398474,52,0.7668468952178955
2018,10.160930284165532,52,0.7668468952178955
2153,2.5806233825415767,52,0.7668468952178955
514,16.474571874058835,53,0.7779912948608398
544,14.391227390551611,53,0.7779912948608398
624,9.8391032929353,53,0.7779912948608398
1289,46.209786594594604,53,0.7779912948608398
1334,15.748143153456457,53,0.7779912948608398
1374,29.362416381542165,53,0.7779912948608398
1419,4.347100287254514,53,0.7779912948608398
1464,6.598099817513533,53,0.7779912948608398
1499,2.1849246845270893,53,0.7779912948608398
1604,13.445675808930499,53,0.7779912948608398
1629,3.517142645599911,53,0.7779912948608398
1694,12.772206480136571,53,0.7779912948608398
1734,9.632391462474699,53,0.7779912948608398
1764,6.1712549286577865,53,0.7779912948608398
1819,21.767327335226145,53,0.7779912948608398
1864,4.080422308039296,53,0.7779912948608398
1929,35.01558995651523,53,0.7779912948608398
1954,21.606440389906645,53,0.7779912948608398
1999,5.622721612799811,53,0.7779912948608398
2099,19.79880365859865,53,0.7779912948608398
2134,3.613413330690564,53,0.7779912948608398
529,1.5563054756990191,54,0.7678859233856201
584,57.069501844469926,54,0.7678859233856201
649,4.0879935676837675,54,0.7678859233856201
684,47.86802383526604,54,0.7678859233856201
749,0.5789365953698115,54,0.7678859233856201
774,27.034427171295192,54,0.7678859233856201
844,37.463894777239794,54,0.7678859233856201
879,3.185288691601902,54,0.7678859233856201
909,7.016144552599182,54,0.7678859233856201
1504,26.86168494394461,54,0.7678859233856201
1529,8.02035686778427,54,0.7678859233856201
1609,5.068208415656386,54,0.7678859233856201
1644,33.80069645671732,54,0.7678859233856201
1654,1.600730464125949,54,0.7678859233856201
1719,6.093386608053466,54,0.7678859233856201
1809,1.637768431717804,54,0.7678859233856201
1839,12.159542332786838,54,0.7678859233856201
1859,1.245341166557383,54,0.7678859233856201
1904,0.6087723536215766,54,0.7678859233856201
2009,4.915653399077778,54,0.7678859233856201
2049,1.3289801540107482,54,0.7678859233856201
2094,23.870772700247866,54,0.7678859233856201
2149,25.48362189843357,54,0.7678859233856201
612,22.57952715794902,55,0.9325869083404541
667,0.2660704829700242,55,0.9325869083404541
732,10.436599654676778,55,0.9325869083404541
797,2.2136286784204584,55,0.9325869083404541
847,0.7845256816408263,55,0.9325869083404541
862,3.104517416109098,55,0.9325869083404541
902,7.5427678720037274,55,0.9325869083404541
927,3.0366032967982046,55,0.9325869083404541
1307,0.49563286506917453,55,0.9325869083404541
1322,1.474634367179414,55,0.9325869083404541
1402,2.8610459120916634,55,0.9325869083404541
1427,1.2292713315267132,55,0.9325869083404541
1492,1.8092545250673364,55,0.9325869083404541
1547,1.446539347313921,55,0.9325869083404541
629,14.224605612774736,56,0.8374221324920654
674,0.9400093167710186,56,0.8374221324920654
665,1.0358959848192142,57,0.7994041442871094
700,0.04191820758247911,57,0.7994041442871094
710,0.35485263390088545,57,0.7994041442871094
755,0.011975655687380495,57,0.7994041442871094
840,3.7842187631415682,57,0.7994041442871094
855,0.5535490468059988,57,0.7994041442871094
925,0.12353048095827272,57,0.7994041442871094
1020,0.35883332147572167,57,0.7994041442871094
1025,0.032415875163540095,57,0.7994041442871094
1040,0.06379706184870877,57,0.7994041442871094
1305,0.16567582576189702,57,0.7994041442871094
1340,0.024361317562053356,57,0.7994041442871094
1360,0.0007882327953472523,57,0.7994041442871094
1435,1.747177924391479,57,0.7994041442871094
1510,0.050130437878380306,57,0.7994041442871094
1535,0.005269083757264542,57,0.7994041442871094
1560,0.26004962076852345,57,0.7994041442871094
1580,0.3993830288444905,57,0.7994041442871094
1680,1.329369270331467,57,0.7994041442871094
1740,0.06725148785277216,57,0.7994041442871094
1805,1.3838889189046393,57,0.7994041442871094
1845,0.14944363690322818,57,0.7994041442871094
1900,0.06842905441452539,57,0.7994041442871094
1945,3.6407451749504944,57,0.7994041442871094
1990,1.1212340231915217,57,0.7994041442871094
2015,2.013552342002466,57,0.7994041442871094
2070,0.33286756404774737,57,0.7994041442871094
2090,1.2365960125097428,57,0.7994041442871094
741,0.9619973834950536,58,0.9734480381011963
786,0.7382794558667766,58,0.9734480381011963
821,7.109505165501564,58,0.9734480381011963
916,1.3046267901302697,58,0.9734480381011963
961,5.321757513576595,58,0.9734480381011963
976,17.813760136017784,58,0.9734480381011963
1011,2.5669520660802143,58,0.9734480381011963
1026,4.668761483419309,58,0.9734480381011963
1031,5.024310965537825,58,0.9734480381011963
1131,11.842108811771826,58,0.9734480381011963
1141,2.062667068885531,58,0.9734480381011963
1151,7.510305389179684,58,0.9734480381011963
1166,0.9724622364378985,58,0.9734480381011963
1171,3.1221005795202275,58,0.9734480381011963
1186,8.036988543569056,58,0.9734480381011963
1196,3.142778491356917,58,0.9734480381011963
1206,1.3644449282923397,58,0.9734480381011963
1211,6.820652974756693,58,0.9734480381011963
1226,0.9940407487959935,58,0.9734480381011963
1236,2.754176039361891,58,0.9734480381011963
1241,0.5347095150704886,58,0.9734480381011963
1266,2.1154351797969664,58,0.9734480381011963
1296,4.626867022660471,58,0.9734480381011963
1386,3.704549388567703,58,0.9734480381011963
1421,1.5424280836164954,58,0.9734480381011963
1451,3.5089469425702853,58,0.9734480381011963
1536,1.7256625158066068,58,0.9734480381011963
1596,9.413292755565228,58,0.9734480381011963
1621,2.3103494721626507,58,0.9734480381011963
1661,0.5032825440091574,58,0.9734480381011963
1706,1.878510192593709,58,0.9734480381011963
1791,1.327665523418427,58,0.9734480381011963
1826,0.844663308905951,58,0.9734480381011963
1866,1.3538529823831102,58,0.9734480381011963
1891,0.5530392813058302,58,0.9734480381011963
1976,3.9848028118927825,58,0.9734480381011963
2036,3.6478257872305644,58,0.9734480381011963
2106,13.093896373157412,58,0.9734480381011963
2141,10.22288768722863,58,0.9734480381011963
1282,1.0236282524600597,59,1.2487258911132812
1327,1.1204528979861916,59,1.2487258911132812
1367,65.18535726936486,59,1.2487258911132812
1382,5.737425157532022,59,1.2487258911132812
1482,12.398056386050019,59,1.2487258911132812
1517,2.7564858515808948,59,1.2487258911132812
1572,3.1720286021227135,59,1.2487258911132812
1632,16.838011633963617,59,1.2487258911132812
1687,3.1045616332545563,59,1.2487258911132812
1712,0.5350664915852013,59,1.2487258911132812
1752,3.8450763570910613,59,1.2487258911132812
1797,1.3210449573732657,59,1.2487258911132812
1882,1.2130546910337705,59,1.2487258911132812
1937,1.894083126242684,59,1.2487258911132812
1967,5.189153813946053,59,1.2487258911132812
2022,10.625026530459435,59,1.2487258911132812
2062,10.453434115041286,59,1.2487258911132812
2137,0.3914023691443623,59,1.2487258911132812
1292,5.251475335159505,60,0.8899128437042236
1342,3.216669283407297,60,0.8899128437042236
1362,0.465214276655639,60,0.8899128437042236
1447,1.1679975801470361,60,0.8899128437042236
1295,0.16754724116430794,61,0.8495049476623535
1345,0.41934880758692333,61,0.8495049476623535
1365,0.2243453628529632,61,0.8495049476623535
1450,0.0021892313243667594,61,0.8495049476623535
1303,10.288707349016722,62,0.7560391426086426
1338,6.6347377994135766,62,0.7560391426086426
1358,4.464668002664017,62,0.7560391426086426
1433,4.632828354126052,62,0.7560391426086426
1508,2.4038122473389145,62,0.7560391426086426
1533,4.18333064703827,62,0.7560391426086426
1558,17.720063737868237,62,0.7560391426086426
1578,2.1974619262960693,62,0.7560391426086426
1678,4.217609732898283,62,0.7560391426086426
1738,1.8025512918433022,62,0.7560391426086426
1803,4.480813525077037,62,0.7560391426086426
1843,3.43939960553465,62,0.7560391426086426
1898,3.507926678311304,62,0.7560391426086426
1943,6.063884775110937,62,0.7560391426086426
1988,27.08528135389634,62,0.7560391426086426
2013,8.165593805986646,62,0.7560391426086426
2068,11.141509676353623,62,0.7560391426086426
2088,5.557281728941558,62,0.7560391426086426
1389,23.040206635196675,63,0.763303279876709
1424,5.85086698438771,63,0.763303279876709
1454,6.421917362048513,63,0.763303279876709
1539,0.779349159168343,63,0.763303279876709
1599,4.007677402930428,63,0.763303279876709
1624,7.988582904304032,63,0.763303279876709
1664,5.142561120199855,63,0.763303279876709
1709,0.8459261228750932,63,0.763303279876709
1491,1.2735242158899855,64,0.7400918006896973
1546,0.11692989596417555,64,0.7400918006896973
1581,0.8709432114954353,64,0.7400918006896973
1616,1.2277783474141655,64,0.7400918006896973
1656,1.3860287825745794,64,0.7400918006896973
1701,1.2977400647717225,64,0.7400918006896973
1501,3.651904304918597,65,0.7520139217376709
1526,1.3808374444577431,65,0.7520139217376709
1606,2.9694341924778986,65,0.7520139217376709
1641,26.47249786837283,65,0.7520139217376709
1651,2.09886089029965,65,0.7520139217376709
1716,3.65990057366628,65,0.7520139217376709
1806,2.476216089534311,65,0.7520139217376709
1836,3.2229407379922583,65,0.7520139217376709
1856,1.6586757879866305,65,0.7520139217376709
1901,1.1503949236462077,65,0.7520139217376709
2006,1.7089815243840552,65,0.7520139217376709
2046,1.4495402395654036,65,0.7520139217376709
2091,0.8336547782600127,65,0.7520139217376709
2146,2.122670221396878,65,0.7520139217376709
1503,27.767290832321056,66,0.7800469398498535
1528,9.862109444068674,66,0.7800469398498535
1608,11.560992884485938,66,0.7800469398498535
1643,45.64785275515085,66,0.7800469398498535
1653,13.398899942260035,66,0.7800469398498535
1718,34.260292898461415,66,0.7800469398498535
1808,72.81358810042798,66,0.7800469398498535
1838,35.93872787939321,66,0.7800469398498535
1858,2.5916711711663436,66,0.7800469398498535
1903,9.814437598432416,66,0.7800469398498535
2008,52.93504387547777,66,0.7800469398498535
2048,2.842827731070672,66,0.7800469398498535
2093,12.464010921503322,66,0.7800469398498535
2148,5.748743242375605,66,0.7800469398498535
1552,3.8065952274555137,67,0.7599079608917236
1587,17.791381008550026,67,0.7599079608917236
1667,6.449003509911295,67,0.7599079608917236
1722,93.34856294073992,67,0.7599079608917236
1757,16.00894922730603,67,0.7599079608917236
1812,3.8871119602031183,67,0.7599079608917236
1872,33.64001529374313,67,0.7599079608917236
1947,8.111892850788404,67,0.7599079608917236
1972,3.957211547888474,67,0.7599079608917236
2042,7.208022905699657,67,0.7599079608917236
2072,4.7688908813043325,67,0.7599079608917236
2117,25.103466533929982,67,0.7599079608917236
1555,0.08259257383791377,68,0.7455360889434814
1590,0.12487436035036448,68,0.7455360889434814
1670,0.8449467346262566,68,0.7455360889434814
1725,4.616472249755288,68,0.7455360889434814
1760,0.008368516896558516,68,0.7455360889434814
1815,0.1807683300124746,68,0.7455360889434814
1875,0.52372297999443,68,0.7455360889434814
1950,0.2862996113220519,68,0.7455360889434814
1975,0.08580416570441846,68,0.7455360889434814
2045,0.39746422248678315,68,0.7455360889434814
2075,0.5946732758598942,68,0.7455360889434814
2120,0.9523388567573341,68,0.7455360889434814
1583,2.0352933028142126,69,0.7428233623504639
1618,1.7821182424385735,69,0.7428233623504639
1658,15.908038086585169,69,0.7428233623504639
1703,5.94443052871356,69,0.7428233623504639
1778,8.732646189991007,69,0.7428233623504639
1848,1.982762513221096,69,0.7428233623504639
1888,0.5432771310264335,69,0.7428233623504639
1913,15.128368334208675,69,0.7428233623504639
1958,0.7174639042256401,69,0.7428233623504639
2003,9.453786826907287,69,0.7428233623504639
2053,3.1466403663229303,69,0.7428233623504639
2078,0.45623014037830295,69,0.7428233623504639
2158,5.789013016428359,69,0.7428233623504639
1696,1.3261970135146859,70,0.7595539093017578
1741,12.51683680669032,70,0.7595539093017578
1755,0.008501955222355456,71,0.7258710861206055
1800,0.20989935169310836,71,0.7258710861206055
1885,1.102050615075634,71,0.7258710861206055
1940,0.6666758927262463,71,0.7258710861206055
1970,0.31809922315322037,71,0.7258710861206055
2025,1.186528183235376,71,0.7258710861206055
2065,2.2351114833749497,71,0.7258710861206055
2140,0.13676514357227143,71,0.7258710861206055
2102,3.59165186607138,72,0.7375242710113525
2122,2.0322074156143186,72,0.7375242710113525
2152,2.2120630331371602,72,0.7375242710113525
2103,9.646979386447214,73,0.7329628467559814
2123,3.6073307422310674,73,0.7329628467559814
